shared name;score
ABL1(25);-4.82934903351149
ACPP(55);-4.22542818030694
ACTG1(71);-5.51371192778987
ACTN1(87);3.9310837194531
ACY1(95);-0.386248224301914
ADD1(118);-6.55597050002643
ADD2(119);-7.2294434335765
ADM(133);-1.84904479959004
ADA(100);-6.45844554615485
PARP1(142);-5.89394111806838
ABR(29);-5.71434594895596
ADRA2A(150);-7.12771014442667
ADRB2(154);-0.35805102420612
ACVR1(90);-6.62594641477076
AP1G1(164);-7.25577971948418
AGT(183);-7.21027677746816
ADRBK1(156);-6.03715208818244
ADRBK2(157);-7.17358055788444
AHR(196);-3.95740266830682
AKT1(207);-7.01948470191077
AKT2(208);-6.38450820327371
ALCAM(214);-5.92619565782105
ALDH1A1(216);-6.86199159481238
ALDH2(217);-4.74989813324381
ALDH3A1(218);-6.51352459105918
ALDOB(229);-7.26477380942946
ALOX5(240);-7.19978664608808
ALPP(250);-7.07061134046396
A2M(2);-5.80780310827484
BIN1(274);-7.19818669660191
ANGPT1(284);-4.21733058936568
ANGPT2(285);-5.64472500452691
APC(324);-6.90753079174176
APEX1(328);1.32346570139061
BIRC4(331);-7.26406429613682
ACVRL1(94);-6.40138132474729
BIRC5(332);-7.0312710313443
ABCA1(19);-6.24284974954914
APOE(348);-6.0515583223874
APRT(353);-2.29416640211647
FAS(355);-6.45929485321993
APAF1(317);-6.71827429140685
AES(166);-6.54452868539276
ARAF(369);-6.05275082640427
TRIM23(373);-6.0688203941315
RHOA(387);-7.25813331500649
RHOC(389);-6.09039354629705
ARHGAP1(392);-7.07116777438157
RND3(390);-5.87854550155319
ACTL6A(86);-6.43506777718266
RHOB(388);-6.34717549875972
ARHGDIB(397);-7.13018648344699
ARNT(405);-5.50252672282742
ARR3(407);-7.14240353441317
AP2B1(163);-7.17576190862671
ATF1(466);-6.10548340582309
ATF3(467);-6.68134175021823
ATIC(471);-2.87457612956154
ATM(472);-7.10163682160039
ATP1A1(476);-6.62739885471692
AUH(549);-6.93236992632825
ARRB2(409);-2.61671210709457
AXL(558);-7.04213628069152
ADAM10(102);-6.19512038613169
B2M(567);-5.94865987273143
BAI1(575);-3.72726372765619
BAK1(578);1.8417038687039
BCAT2(587);2.07930198621592
BCHE(590);-6.45391051205396
BCKDHA(593);-7.15380809327931
BCL2(596);6.02376144642973
BAG1(573);3.56115935843353
BAD(572);-6.85562934222372
BCL2L1(598);-6.38121835173876
BCL6(604);3.70407493059822
BCR(613);2.40321593240459
CEACAM1(634);-6.97257124050115
BCL2A1(597);-6.32704430204314
BLMH(642);-6.94421432323632
BLR1(643);-7.07620043727335
PCGF4(648);-1.81126693784945
BMP7(655);-7.09690196187561
BMP6(654);-1.87412122762164
BMPR1A(657);-6.22214458822065
BNIP1(662);-2.63274581693481
BNIP2(663);-6.33703313710161
BNIP3(664);-7.0873582339345
BNIP3L(665);-6.36611255447403
CCND1(595);-7.1824597847372
BRCA1(672);-5.43253022423906
ATR(545);0.76039854932906
BRAF(673);-6.41097146950335
BST1(683);-7.1367261602399
BTK(695);-4.68769611874883
BMX(660);-7.2227548466515
BRCA2(675);-7.22167748838237
C1QBP(708);-3.57459854588817
C1S(716);-3.59530613890261
C3AR1(719);-6.4075848564125
C5(727);-7.22806173079132
C5AR1(728);-6.65113504216128
DDR1(780);-6.88081458479272
CACNA1A(773);-6.72093828329416
CAD(790);-2.86342887937925
ATP2B1(490);-6.61977434476992
CALD1(800);0.459201394496436
CALM1(801);-7.24741337592077
CALR(811);-1.52540597570712
CAMK2G(818);-6.93445942766911
CAPN3(825);-5.54426671703439
CASP1(834);-7.24401042589265
CASP3(836);-4.32135640371603
BIRC3(330);-5.09157221182957
BIRC2(329);-1.66559988013493
BLM(641);-6.4334777487655
CASP4(837);-5.2423322603862
CASP5(838);-6.98271323057695
CASP7(840);-6.3368663116544
CASP8(841);-7.18386234341675
CASP6(839);-4.07186372457719
CASP9(842);-5.88784082630167
CASP10(843);1.10480605437376
CAT(847);-7.03392313844387
RUNX1(861);-6.74129819948026
RUNX3(864);-6.00026824333383
RUNX2(860);-4.06324728012857
CBFB(865);-6.59700735448125
BLK(640);-7.08752758271565
BTG1(694);-7.25562941435949
AREG(374);-6.94745209691437
CCNB1(891);-6.51212196646867
CD3D(915);-7.26263208095606
CD2(914);-7.13015224614474
CD4(920);-6.44071367384446
CAMK2D(817);-7.06611524706492
CD5(921);-6.85318207721429
CD8A(925);-7.0686867704074
CD8B1(926);-7.23494455662063
CD9(928);1.32468646122048
CD19(930);-5.42675889082532
CD80(941);-6.76800150478626
CD86(942);-5.22394642599064
TNFRSF8(943);-7.0878603071184
MS4A1(931);-7.0808880083061
CD40(958);-5.80248938493203
CD44(960);-6.11028609247311
ANK1(286);-7.0806481881253
CD69(969);-7.17103866990255
TNFRSF7(939);-5.60552835133905
CD74(972);-4.33929730870616
CD1D(912);-7.1645814480952
CD79A(973);-7.0553685726137
CD81(975);-4.31291591770122
CDA(978);-5.3603983437907
CCNE1(898);5.47861706159109
CCNA2(890);-4.56165631826394
BUB1(699);-6.61327748066387
CCND3(896);-3.90251500512119
CDC20(991);-7.23974966972474
BUB1B(701);-6.93450510101553
CDC2(983);-7.08293268443107
CDH1(999);-6.53960045802617
CDH3(1001);-7.23051436965363
CDH2(1000);-6.98283709315654
CDH13(1012);-6.88656852820743
CDC25A(993);-5.20893876242046
CCNH(902);-5.11183621923363
CDC6(990);-6.46952077320015
CCNC(892);-7.16580481274083
CCND2(894);-1.6381367405423
CDK5(1020);-6.19369917240708
CCNG1(900);-5.63506151744986
CDK6(1021);-6.02304245957153
CDK2(1017);-7.2299448807194
CDK7(1022);1.39346028199312
CCNT2(905);-6.98985866049361
CDKN1A(1026);-7.19991631278652
CDK4(1019);-4.34304738363496
CDKN2A(1029);-5.72657228407282
CDKN3(1033);-6.95386491396499
CEBPB(1051);-6.72042815499072
ATF4(468);-4.74039481210469
CENPB(1059);-5.71867249330679
CENPE(1062);-6.41729116986408
CENPF(1063);-6.42507831009526
CHD3(1107);-6.36662613960421
CDC25C(995);-6.21496527423423
CDC25B(994);-7.24704618718748
CHUK(1147);-6.84685043215954
CKB(1152);-7.24382460317467
CDKN1B(1027);-6.91164756901096
CKS1B(1163);-5.66689993526026
CKS2(1164);-6.85930216456636
CD22(933);-6.91217104891693
CLK1(1195);-4.72372240754264
CLK2(1196);-7.19158771998079
CLTC(1213);-5.95580595470892
CLTB(1212);-4.6273473940004
CCR1(1230);-7.02697477286017
AFP(174);-6.41232706046209
CCR2(1231);-2.29258559706234
CD36(948);-5.69544776285229
COL2A1(1280);-6.60125985253821
COL4A1(1282);-6.96526095222369
ANXA6(309);-3.01588490126285
CR2(1380);-0.865263997379536
BCL3(602);-6.70258399535288
CREB1(1385);-7.02970691667811
CREBBP(1387);-6.41655826416117
CAMK4(814);-6.75055752374986
CREM(1390);-4.46534704116452
CRHR2(1395);-6.8869136469792
CRK(1398);-7.13060182611288
CD34(947);-7.13305844757484
CBLB(868);-7.00796873168666
ZFP36L1(677);-1.38376795561145
CSF1(1435);-6.58338148455511
CSF1R(1436);-6.22499625700863
CSF2RA(1438);-4.25235392445676
CSF2RB(1439);-5.66647937589596
CISH(1154);-7.19703379826895
CSF3R(1441);-6.56726655799844
CSK(1445);-4.04563377724931
CDH5(1003);-6.80445596464331
CSNK1E(1454);-5.9883676350451
CSNK2A1(1457);-6.77002335765452
MAPK14(1432);-7.24416969807792
CSNK2A2(1459);-3.87608783542036
CHEK1(1111);-4.79410262836152
CDC42(998);-7.13904277021298
CTH(1491);-6.62974832418404
CTLA4(1493);-7.25569906899232
CSNK1A1(1452);-4.65654948480806
CSNK1D(1453);-5.99130595319101
CTNNA1(1495);-7.20001768184161
ACP1(52);-1.9297676205192
BCL9(607);-6.35735949225183
CTNNB1(1499);-1.45362068551498
CTNND2(1501);-6.9245589304113
CTSB(1508);-6.63853273901695
CTSL(1514);-6.94099786893514
CD7(924);-6.98104604532222
CYBA(1535);-6.74983629687681
CYP11A1(1583);-6.76699088119206
CYP11B1(1584);-7.1122352767903
CRKL(1399);-2.80053658986962
CD14(929);-6.91152154671699
DAF(1604);-6.30963665637807
DAPK1(1612);-6.70310273376315
CENPC1(1060);-6.87441064737746
ATRX(546);-6.58397477405979
COL4A5(1287);-6.21930632296509
DCTD(1635);1.39136315228598
DCT(1638);-6.53735239089001
ERCC8(1161);-6.484328347317
DDB1(1642);-5.50004817169083
DHX9(1660);-4.75445645859591
CCR6(1235);-6.73331362910333
DFFA(1676);-5.57867566674165
DGUOK(1716);-7.06429768065488
CENPA(1058);-3.90405702688219
SEPT1(1731);-6.80033599666036
DLD(1738);-6.53236520123427
DAP(1611);-1.83103120280455
DMD(1756);-7.13702799984322
DNMT1(1786);-5.53286381150735
DPP4(1803);-7.25911395718952
CRMP1(1400);-6.23891164281123
CRIP2(1397);-2.56776466447519
DMPK(1760);-7.16344141164003
RERE(473);-6.70682935980581
TSC22D3(1831);-6.29419665639195
DTX1(1840);-4.43563382759544
DUT(1854);-1.26875261152176
DVL2(1856);-5.38847949845508
DAB2(1601);-7.23516998676306
DVL3(1857);-7.06094646185893
DDB2(1643);-7.1062603188979
E2F1(1869);-4.90055041952017
EBF(1879);-4.66871116750323
EDN1(1906);-6.77444638320334
PHC2(1912);-6.20058243284569
EEF1A1(1915);-2.92459248313987
DNMT2(1787);-6.99486466064866
DARS(1615);-6.67698317483082
AARS(16);-1.95590594399538
CD48(962);-7.19941633167917
EFNB1(1947);-5.86769345899455
EFNB2(1948);-6.5557724629797
DUSP3(1845);-1.54226332968352
CPM(1368);-6.93466134124169
KLF6(1316);-6.89052169717214
ACP5(54);-6.67679197833637
EIF2S1(1965);-2.13712872313896
EIF2B1(1967);-6.62767931205483
EFNA1(1942);-7.18407708077665
EFNA5(1946);-6.4564682980232
EIF4E(1977);-5.48980906390524
EIF4G1(1981);0.286658199400638
EIF4G2(1982);-0.451637352572144
ENG(2022);-6.52671124729943
ENO2(2026);-5.74787570471656
ELK1(2002);-7.08664291567813
EGR1(1958);-3.30747848311448
EP300(2033);-6.39018762356523
CHD4(1108);-6.45821575122811
E2F5(1875);-6.62888813178176
EPB41(2035);-4.83191675114425
CD47(961);-3.0458571585927
EPB42(2038);-5.11774941606028
EPHB2(2048);-6.75988058259589
EPHB3(2049);-6.15698452019931
EPS8(2059);-5.88665704621847
EPS15(2060);-6.95643622901261
ERBB2(2064);-6.94232975408888
ERBB4(2066);-6.94522925020062
CTGF(1490);1.04984342833477
ERCC2(2068);-5.72585714528037
ERCC1(2067);-1.51259541990785
ERCC5(2073);-5.67082722708244
ERG(2078);-5.22069271916597
ESRRA(2101);-3.65100899610832
ETS1(2113);-7.03564559871477
ETS2(2114);-6.55828953278475
ETV6(2120);-3.29837790038346
CEACAM5(1048);-7.26223909871928
EWSR1(2130);-5.61727292499619
EXT2(2132);-6.54671181378327
CTSG(1511);-6.29328844434218
F5(2153);-5.60061433366358
F3(2152);-7.14526810197804
FANCA(2175);-7.01522086355728
FANCC(2176);-5.9542107606109
PTK2B(2185);-5.915446135179
CYP19A1(1588);-6.31344497892377
FAP(2191);3.23659521651225
FBP1(2203);-5.07660831533045
FCGR1A(2209);-6.86837334856808
CD38(952);-6.04217530662364
FCER1G(2207);-6.72017577328187
FCGRT(2217);-6.1261787232866
FER(2241);-4.33209866218216
FES(2242);-6.86294916792099
DOK1(1796);-3.61462575617742
FGF1(2246);-6.83422629762078
FGF2(2247);-6.71486488337255
COL6A1(1291);-6.44089693531534
COL3A1(1281);-6.70285890635643
FGF9(2254);-7.18943450842463
FGF13(2258);-6.04285994951226
FGFR1(2260);-1.04950263660902
FGF5(2250);-1.5911585608706
FGFR3(2261);-5.5906744135028
CTSK(1513);0.91899455196177
CD24(934);-1.93714648095535
FGR(2268);-7.18358704852132
FHIT(2272);-6.38834491170995
AK1(203);-6.67374950537855
FIGF(2277);-7.04669947259218
DYRK1A(1859);-4.71104440223886
FLNA(2316);-6.92079205492354
FLNB(2317);-4.34990251279008
FLT1(2321);-6.98908296472619
FLT3LG(2323);-5.14487209757179
FLT4(2324);-7.01942064999613
COL6A2(1292);-7.25569072003381
DDIT3(1649);-7.23587789469789
FOS(2353);-4.51634030422219
FPRL1(2358);-0.716886803986353
FTH1(2495);-6.94643713085709
FTL(2512);-6.86617028844027
CLGN(1047);-6.83960094522775
FUS(2521);-6.98331053260694
FCGR2A(2212);-7.21817151856647
FCER2(2208);-6.80551662646276
CD79B(974);-6.69522780799181
FYB(2533);-6.29604600566949
FOXO1A(2308);-5.43525227735921
FMNL1(752);-6.78764127254109
FANCG(2189);-5.83167294305746
GAD1(2571);-7.19672498029612
GAPDH(2597);-6.48259850751559
CELSR2(1952);-6.50451515013235
GART(2618);-2.43726687088914
FLI1(2313);-6.23727046466834
FNTB(2342);-7.24841161748716
GBP1(2633);-6.95454031011215
XRCC6(2547);-1.83609187802602
CDKN2C(1031);-4.29126596874594
RHOH(399);-7.23906067753191
CD53(963);-5.32546729745807
GHR(2690);-7.21843585223306
CORT(1325);-7.22826954965489
GLA(2717);-6.73839562065836
GLO1(2739);-6.26029358481934
CNR2(1269);-6.79423397176951
GNAI1(2770);-7.04542262062692
EDG1(1901);-2.5778060841744
FPR1(2357);-6.54207111692059
GNAI3(2773);-7.18928800147028
CD59(966);-7.13461674130336
GNAO1(2775);-7.23089439449674
BDKRB1(623);-7.10172234259486
GNAQ(2776);-5.11083843929317
GNAS(2778);-6.96687883858804
GNAZ(2781);-6.3221397488495
GNB1(2782);-6.68538118273188
GNB3(2784);-7.16857525959135
GNB2(2783);-5.53576702753128
GPI(2821);-5.28909939100207
AMFR(267);-6.43219485315252
GM2A(2760);-7.04068470106147
CCR7(1236);-6.83461608859634
GRK5(2869);-5.847577627119
GRB2(2885);-5.10606422415679
CD72(971);-6.56748116931604
GAB1(2549);-6.20185064444841
FYN(2534);-4.87013243470567
EML1(2009);-4.25210276707365
CDK9(1025);-5.966747030577
GRIK1(2897);-0.968586280285455
EPHB4(2050);-7.25342168638544
NR3C1(2908);5.94714054447967
SFN(2810);-5.15250326109351
CXCL1(2919);-6.91365980333175
ENO1(2023);-6.82338265203682
CXCL2(2920);-6.66633622127789
MARK2(2011);-6.95541371986996
GSK3B(2932);-5.8110667591315
FN1(2335);-1.06104909476651
GSPT1(2935);-2.89235153239353
GSS(2937);-0.923815351287754
GSTA4(2941);2.0921457958193
GSTM2(2946);-6.86824535025969
GSTM3(2947);-6.38006151739546
GSTP1(2950);-4.55813928777123
GSTT2(2953);-6.07404969523551
GSTZ1(2954);-6.19879280342199
GTF2A1(2957);-6.38749659235887
ERCC3(2071);-6.87109513721762
ERCC6(2074);-5.79962411323938
GTF2F2(2963);-4.79548337666768
GTF2I(2969);-6.76742412993419
PDIA3(2923);-7.00739103610512
GZMA(3001);-7.26147391290244
GZMB(3002);-5.42758193757717
H2AFX(3014);-7.08256939391568
HADHSC(3033);-6.75072719499278
HBB(3043);-4.01852357302936
HBZ(3050);-5.50973767592358
SERPIND1(3053);-6.38637075428375
HCFC1(3054);-5.01669046909011
GABPB2(2553);-7.18562675556923
HCK(3055);-1.5216404281557
RAPGEF1(2889);-5.97316382514682
CHD1(1105);-3.32926152596076
HDAC1(3065);-1.83031048154898
HINT1(3094);-3.22234855750793
CD63(967);-6.8143285449086
HLA-DPA1(3113);-3.88670397287916
CUTL1(1523);-7.23643025309575
FOXC1(2296);-5.75067325429061
HMGN2(3151);-6.27759998320963
ELF1(1997);-7.08932650369821
NR4A1(3164);-5.95300931582593
FEN1(2237);-6.1455932432358
HNRPK(3190);-5.42763737700014
HNRPA2B1(3181);-6.71006680512548
CSE1L(1434);-5.25874578151961
TLX1(3195);-3.04489064540078
CDC27(996);-6.68778982163504
HPRT1(3251);-3.25619416408007
HRB(3267);-5.55935836375971
FBL(2091);2.3009449951413
HRMT1L2(3276);-0.676650183407721
GSK3A(2931);-1.03417559201879
CD58(965);-5.10260053684877
DUSP1(1843);-5.75265780857318
DPH1(1801);-5.3697113627326
GOT2(2806);-3.83952811711622
EPRS(2058);-6.12126002605267
HSPCA(3320);-3.98932305785223
HIF1A(3091);0.308937057676004
CA2(760);-6.82963199148886
GBP2(2634);-5.5087397240736
GNA11(2767);-6.8660215737459
HSPA5(3309);-6.81417654613777
GARS(2617);-6.86431198068311
ICAM1(3383);-7.08369426711689
HES1(3280);-7.11015714521033
ID2(3398);-7.23064974092194
ELK3(2004);-6.80038579186875
ID3(3399);-4.4175390560739
IDH3A(3419);8.13608852377415
ID1(3397);-7.16548755779582
IFIT1(3434);-6.85969902710841
IFIT2(3433);-6.43953589084869
IFIT3(3437);-6.56288494961524
IFNAR1(3454);-7.07606109911142
IFNAR2(3455);-6.2819562147478
IFNG(3458);-6.73453830570545
IFNGR1(3459);-7.16002366074055
HDAC2(3066);-6.88056315746379
IGF1(3479);-6.56759250646593
GNAI2(2771);-6.2358597715585
IGF2R(3482);-4.17105465055153
HK3(3101);-7.01253473290978
IGLL1(3543);-7.16984874175214
IKBKB(3551);-5.9926648646691
IL1B(3553);-5.50530619582939
IL1R1(3554);-3.50021170591592
IL2RB(3560);-6.34016691802698
HRAS(3265);-6.73361620721931
IL2RG(3561);-5.50307880890563
IL6(3569);-6.98393202507147
IL6R(3570);-7.23067836772275
IL6ST(3572);-7.19121292540734
IL7(3574);-5.98129537449641
IL8(3576);-5.57963921429003
CXCL3(2921);-7.20722397704567
IL8RB(3579);-7.22158895071088
IL10RA(3587);-4.42849218399959
IL11(3589);-7.18069722438781
IL12RB1(3594);-4.58894541445612
IL4R(3566);-5.5517703236433
IL13(3596);-7.11391392847035
IL15(3600);-6.52853466128953
IL16(3603);-4.41915838121075
CXCL10(3627);-5.1101793810003
FCGR2B(2213);-1.84247309409299
INSR(3643);-6.78343648535879
IRAK1(3654);-6.15454619615088
IL1RAP(3556);-5.17852040571019
CD151(977);-6.38875435055613
HMGA1(3159);3.24402214907349
IRF8(3394);-5.25646175707011
IRF3(3661);-2.99478855611857
PRDM1(639);-6.87880461508427
IRS1(3667);-3.40128285713615
ITGA1(3672);-5.46652471367037
ITGA3(3675);-6.34687595494894
ITGA4(3676);-6.47821166249058
TNC(3371);-6.71433721679543
ITGA7(3679);-6.15483134470918
ITGA9(3680);-7.25264013722778
ICAM3(3385);-2.11633852371097
ITGAL(3683);-5.89343225624477
ICAM2(3384);-7.13608884397428
HP(3240);-6.39931326011303
CYR61(3491);-6.17216266055763
ITGA5(3678);-4.72762935222373
ITGAV(3685);-4.0267158327962
ITGA6(3655);8.98622685603546
ITGA2(3673);-7.05821614775733
ILK(3611);-6.34969270239738
ITGB2(3689);-3.66190371516194
ITGAX(3687);-1.88547485377448
ITGAM(3684);-6.35190329468034
DAB1(1600);-7.2417946589795
ITGB3(3690);-6.72036283672481
ALOX12(239);-7.18138083508183
ITGB4(3691);-6.82022490577758
ITGB5(3693);0.643437509106785
ITGAE(3682);-5.10363657518327
ITK(3702);-6.84246793430499
ITPR1(3708);-5.72651816715809
IL3RA(3563);-6.59215951767997
IL7R(3575);-6.7810974750622
IL5RA(3568);-5.61622589708138
JAK1(3716);-6.99852974135986
IFNGR2(3460);-7.02544001642922
JAK2(3717);-5.89227870451833
GATA2(2624);-6.83526388708451
JUN(3725);-6.4766766683541
HHEX(3087);-5.95260344366534
FOSL2(2355);-7.09042421855815
FOSB(2354);-2.43928865312961
JUNB(3726);-5.9766912753622
ANK3(288);-6.84722147610047
KDR(3791);-7.10715983340655
KIT(3815);-6.96417691485332
IGFBP3(3486);-4.90995369558849
KLRD1(3824);-7.14269356383971
CTSS(1520);-6.51016613823389
KNG1(3827);-4.67435735517481
KIF11(3832);-7.15941174955385
KPNB1(3837);-5.53473283004169
TNPO1(3842);-6.67925958252741
HNRPD(3184);-5.78757613463672
KRT6B(3854);-6.81710963136546
LAMA2(3908);-6.89566731037497
LBR(3930);-3.66900151305406
LCK(3932);1.50665386102874
LCP1(3936);-7.20380613369779
LDHA(3939);-5.17037771642889
LDHB(3945);-6.72683271913536
LGALS1(3956);-7.06108028575051
LIF(3976);-7.24183454365474
NRG1(3084);-4.97402879187685
CDKN1C(1028);-7.01948141178521
LIMK1(3984);-6.99305491305682
LMNA(4000);-7.17062890802366
GATA3(2625);-5.48858944914167
GATA1(2623);-7.23557726374962
CD82(3732);-6.85244646650752
LTBR(4055);-6.52579794239867
LY9(4063);-6.22107010882644
LMO2(4005);3.6421876886315
LYN(4067);-0.731684698951709
LCP2(3937);-5.96025429500427
HCLS1(3059);-6.4517621945857
ANPEP(290);-6.95736024851749
LAIR1(3903);-5.98393353090634
GPIAP1(4076);-6.17501822177832
MXD1(4084);-6.98016211736506
MAD2L1(4085);-7.01660590642633
SMAD1(4086);-7.14412509155774
SMAD2(4087);-0.439198612159355
JUND(3727);-6.70131866791332
HIVEP1(3096);-3.38337350194229
SMAD3(4088);-6.94330679506539
HDGF(3068);-4.22752010074757
SMAD4(4089);0.0204227486732402
SMAD7(4092);-7.01605074924854
LNPEP(4012);-7.17663338833283
LRP5(4041);-7.20991449939047
EIF3S6(3646);-7.12571558752412
MAF(4094);-6.75875735845357
MAFG(4097);-2.82464887949067
COL9A2(1298);-7.20102420500444
ILF3(3609);-5.10153925222749
MAOA(4128);-6.32666333657376
MAGOH(4116);-3.9787576499898
MATN1(4146);-3.72299722888135
MAX(4149);-7.07333175032952
DCC(1630);-7.24694517353369
SMAD5(4090);-4.68949664694249
MCF2(4168);-5.73417409803669
DAD1(1603);-6.79170029144381
BOK(666);-6.45689757044482
MCL1(4170);-6.5608722747336
MCM2(4171);1.10096181527999
MCM4(4173);-6.97231585851835
MCM7(4176);-6.14340561462505
HOXA1(3198);-6.80338807010408
DUSP6(1848);-6.68622743897977
MDH1(4190);-6.67195695831642
FH(2271);-3.18724157233335
CS(1431);-7.21977182232201
MDM2(4193);-7.22313719976148
MEF2A(4205);-6.6424833786825
MEF2B(4207);-0.914784200958809
MEF2C(4208);-6.61077339060011
HOXA11(3207);-7.14989625161946
HOXA2(3199);-6.73148057795816
MAP3K4(4216);-7.21970530394713
MAP3K5(4217);-6.00910168263068
INPPL1(3636);-6.17732423363245
MET(4233);-6.72406287175689
JAG1(182);-3.12917064981878
MGST1(4257);-0.0914340422113313
IGBP1(3476);-2.19943047472637
MIF(4282);-4.97237705473726
MKI67(4288);-7.2225848088801
MAP3K11(4296);-7.18181360889705
MLL(4297);-7.18289463166573
MLLT3(4300);-5.50384320235304
COL6A3(1293);-6.98530185966554
MMP1(4312);-6.29950479009884
MMP9(4318);-1.08817005400679
MMP7(4316);-6.27821019429126
MMP13(4322);-6.53744717718066
MMP2(4313);5.12098807939802
MPO(4353);-6.63225059715586
GNG7(2788);-7.05881568980536
LIG1(3978);-6.85261541632081
MSH6(2956);-6.56830728155351
MSH2(4436);-6.75395516165217
MLH1(4292);-6.4428979152717
MSH4(4438);-5.77960611240232
MSN(4478);-6.59155390580039
MSX1(4487);-6.30673107751662
MTHFD1(4522);-2.00409299350608
JUP(3728);1.86577888415898
MX1(4599);-6.85622427851828
MX2(4600);-6.77377079011356
ATBF1(463);-6.44278712662084
MYBL2(4605);-4.43135538771832
MXI1(4601);-6.31164100930594
MYD88(4615);-5.21602608782173
IRF5(3663);-7.05819573648984
IRF4(3662);5.38156333738158
DNAJB9(4189);0.49128557828649
MYL2(4633);-3.77306664345865
BIRC1(4671);-6.99730175413861
HIST1H1C(3006);-5.57082962365039
MRE11A(4361);-5.60333065833914
NCAM1(4684);-6.41947049835058
CYBB(1536);-7.09783293794287
NCF1(4687);-6.06879849463827
NCF2(4688);-4.34285626899881
CSNK1G2(1455);-6.04684661842862
MYB(4602);-6.03999704438518
FMR1(2332);-7.25617741815279
MYBL1(4603);-3.55018658209477
KCNH2(3757);-6.2443863449294
SP110(3431);-4.86756392921718
LYL1(4066);-4.33961728774045
NEDD4(4734);-6.81536729635671
HIP2(3093);-6.17736448696143
NCK1(4690);-7.07420667631736
NEK2(4751);-7.09780808860314
EGR4(1961);-7.11152746373824
NFATC2(4773);-5.31182051273893
NFIL3(4783);-6.65610976489372
DR1(1810);-7.01901053589929
NFKB1(4790);-5.54655633926222
MEN1(4221);-6.16172460841036
MAP3K8(1326);-6.07033476691937
IRF2(3660);-4.21277751937129
IRF1(3659);-5.96263805573746
KPNA3(3839);-5.01935442591762
DDX3X(1654);-6.254301072194
GLG1(2734);-7.04107648940942
NFKB2(4791);-7.07236949690962
HOXB7(3217);-7.10219753179925
NFKBIA(4792);-7.17493195882424
MCC(4163);-5.16097569666604
MYC(4609);2.96232893626268
NFYA(4800);-5.81911550526873
CIITA(4261);-6.90863383063419
NME1(4830);-4.58247436474815
NME3(4832);-6.46402621202582
NME4(4833);0.58204163854692
NQO2(4835);-6.63927300443766
MARCKS(4082);-0.289428579693119
NOS2A(4843);-4.84664896843088
RBPSUH(3516);-4.50504462206131
NOTCH1(4851);-6.73754557528165
MFNG(4242);-4.37325373859219
NOL1(4839);0.653033617344717
MME(4311);-3.25994790432423
ARHGAP4(393);-5.15812881699055
NGFR(4804);-6.08733492413794
NEO1(4756);-6.92705631667293
OCLN(4950);-7.02570975722055
ODC1(4953);-2.40097126377872
OGG1(4968);-5.9044977144979
LIFR(3977);-6.97564206877443
MAP1B(4131);-6.50598768617374
MYLK(4638);-4.92642139235686
PAK1(5058);-7.0559530869617
PAK2(5062);-3.93708320726456
PAWR(5074);-7.12879521992264
PAX3(5077);-7.22260902090552
PAX5(5079);-5.08513772110884
PCBP2(5094);-7.16047086936472
PCNA(5111);-5.1617327664645
GADD45B(4616);-7.14852112363972
MUTYH(4595);-3.34136913557188
ING1(3621);-5.82294751652518
PCOLN3(5119);-6.78662641746683
PDE9A(5152);-7.01447211630724
PDGFB(5155);-5.54987165857277
PDGFRA(5156);-6.7957025024538
PDGFRB(5159);-4.99296436978811
PDHA1(5160);-6.8995885758632
PDHB(5162);-7.25790657338115
PDPK1(5170);-6.99636087256814
ABCC2(1244);-6.63248090607889
SCARB1(949);-7.09629243874503
PECAM1(5175);-7.25946034003142
PEX1(5189);-6.10808905768081
PFN2(5217);-6.71809654044451
IK(3550);-3.90516906165103
GBE1(2632);-6.16125149045744
PGF(5228);-6.60330412061536
HMGB2(3148);-6.91438654118793
MAP3K10(4294);-6.55460058991819
PHKG1(5260);-7.13036988230527
PIGA(5277);-4.99782591858578
LTK(4058);-4.30878012722076
NFATC1(4772);-0.969710641368886
PIK3CD(5293);-4.69926284110079
KRAS(3845);-4.34147250054037
PIK3R1(5295);0.181691114832519
PIK3CA(5290);-0.266862141311049
PIK3CB(5291);-7.03896695271398
PIK3C3(5289);-4.86175541185897
PKD1(5310);-7.17216737006142
KRT14(3861);-4.38859078405601
MARK3(4140);-5.70890661412015
PLA2G2A(5320);-6.1177703009483
PLA2G1B(5319);-6.65167093065755
PLAU(5328);-1.19111044699169
MMP12(4321);-6.47959139170794
PLCG2(5336);-6.43235500487547
LMNB1(4001);-6.9081827444687
PLG(5340);-7.14253358732462
INPP5A(3632);-6.57274901818462
PLOD2(5352);-6.25310871682806
OGDH(4967);-5.139578199652
PML(5371);-4.07320663365451
SEPT2(4735);-6.92031250337061
POLD1(5424);-6.557636234416
POLG(5428);-7.13546649862246
POLR2B(5431);-6.74875473767773
CYP2C9(1559);-5.62461745688023
CYP2E1(1571);-5.18639620538985
POU2F1(5451);-6.83247864147634
MNAT1(4331);-6.19547394824074
POU2AF1(5450);-2.65091231986292
POU2F2(5452);-7.25449468295892
GATA6(2627);-6.97013449572991
PPARBP(5469);-4.37403717027965
PPBP(5473);-4.51427763980512
PMAIP1(5366);-1.675164453695
CD99(4267);-4.60843883441495
PPP1CA(5499);-6.10932582460494
PPP1CC(5501);-7.18633045624714
CCNG2(901);1.39697173171427
PPP2CA(5515);-6.05785044716194
PPP2R1B(5519);-3.83578684891943
PPP2R3A(5523);-7.11799703441312
NEK1(4750);-7.16566599060615
PPP2R1A(5518);-6.30184585381769
PPP3CA(5530);-5.63713074590853
PPP5C(5536);-4.69549023763408
NFKBIE(4794);-5.42666535633353
PRKAA2(5563);-5.89611600762224
PDE4B(5142);-6.67783875779255
GYS1(2997);-6.32731949668131
ITPKB(3707);-3.39570433342484
PPP1R8(5511);-7.05925438263026
PRKACB(5567);-4.17769290466282
PRKACA(5566);-6.91509429702221
PRKAB1(5564);-2.65515220233173
PRKAR1A(5573);-7.21616741771266
PRKAR2A(5576);-6.49035094349177
PRKAR2B(5577);-7.11292106871073
PRKCA(5578);-4.56155020534536
POLB(5423);-6.20473881013544
PA2G4(5036);-2.35209612053358
NRGN(4900);-6.66060718604827
PPP2CB(5516);-5.54626849766797
ITGB7(3695);-4.56475824783665
PRKCB1(5579);-0.0408511196261294
ADCY7(113);-5.69141109289005
PRKCD(5580);-4.7978376016755
PLSCR1(5359);-4.30379630054288
PPP2R5C(5527);-7.05137954285896
PRKCE(5581);-4.43977112129719
PKN1(5585);-6.41813917702326
PRKD1(5587);0.133178388066661
PRKCH(5583);-5.1171932461844
MT2A(4502);-4.29528713944453
PRKCQ(5588);-6.4016585818427
PRKCZ(5590);-6.63064033449722
PRKDC(5591);-6.65666021633112
NBN(4683);-5.75929466776395
LIG4(3981);-6.37174888655507
ILF2(3608);3.31217154745538
PPP1R12A(4659);-7.13195023904807
MAPK1(5594);-6.03605045443516
PLK3(1263);-7.09117231071512
DUSP7(1849);-3.84787962639558
DUSP5(1847);-4.19945608496158
HMMR(3161);-6.59230913276722
MAPK3(5595);-6.68355005994596
MAPK4(5596);-5.50620245274441
MAPK6(5597);-2.1095755626115
NFATC3(4775);-6.24247593678783
MAP2K1(5604);-5.67010970309204
PRKCI(5584);-7.21498689938366
MAP2K2(5605);-7.06629183419983
MAPK7(5598);-6.65833252513838
MAP2K6(5608);-7.20555945046318
MAPK13(5603);-6.25074155127177
MAPK9(5601);-6.94993427822496
MAPK8(5599);-4.17340167249426
EIF2AK2(5610);-7.02539941108405
PPP2R5A(5525);-7.07849686372094
DNAJC3(5611);-6.9492010716654
PKIA(5569);-6.88074475707011
PPIB(5479);0.443990332681873
NEK3(4752);-4.50456280868104
PRPS1(5631);-6.56314978611827
LGMN(5641);-7.21435903077297
BPI(671);-7.25996720656371
SERPINB1(1992);-6.98736181248844
CD1B(910);-7.25140508938831
PSEN1(5663);-7.11028056360751
PLK1(5347);-6.98513646497719
PRNP(5621);-6.41600789868635
NPY1R(4886);-6.75356856946048
ATXN3(4287);-6.12557863370585
PSME1(5720);-3.39895525936776
PTBP1(5725);-6.35591363758909
PTGER2(5732);-5.73606751352474
PTGS1(5742);-0.98207791948368
PTGS2(5743);-5.90478436644505
PTK2(5747);0.781444557160861
PPP1CB(5500);-7.03050228603157
PTK7(5754);-5.43292228219322
LAMA4(3910);-7.11306869732288
PTN(5764);-7.1103609903561
CACNB4(785);-6.76103973523711
CAPZB(832);-6.83214511688466
PTPN6(5777);0.832147703206594
MPL(4352);-7.01069466336584
PIK3CG(5294);-6.05755910149341
PKN2(5586);-5.09959103822723
PTPRA(5786);-7.19367353012072
PTPRC(5788);-3.35061084482212
PTPRE(5791);-6.69901418060157
PTPRD(5789);-7.25440546608731
PTPRF(5792);-5.33099342121812
PTPRK(5796);-5.49153573525015
PTPRM(5797);-4.09897451922896
PIM1(5292);-3.32790773162984
PTPRN(5798);-6.87501564736062
GRLF1(2909);-6.01573092927595
PURA(5813);-6.5754891004133
PTPN11(5781);-6.61924676624922
PTEN(5728);-7.17520089675425
RAB5A(5868);-5.6513346789553
BICD1(636);-5.31216645697412
RAB27A(5873);-5.41875295900259
RAC1(5879);-1.79459051525218
PLXNB1(5364);-6.14653972724922
RAD1(5810);-7.06290530949119
POLE(5426);-7.17838085486229
RAD9A(5883);-7.24751775494956
RAD51(5888);-6.89557996141758
RAD51C(5889);-5.83642607741214
RAD51L1(5890);-5.66515952125866
RAD52(5893);-6.8153388803981
RAF1(5894);-7.16730259537306
PRKG1(5592);-4.48654752422353
GNG4(2786);-6.31859248049479
RAG1(5896);-6.70681709420634
PTMA(5757);-7.01184558178286
RAN(5901);-4.23170465812366
RANBP2(5903);-5.58363278060853
RAP1A(5906);-7.13129443385032
RALGDS(5900);-7.17614448167768
KRIT1(889);-7.22405124978629
RASA1(5921);-4.29765859271011
RB1(5925);-6.33349231273252
E2F3(1871);-7.24415468875284
MDM4(4194);-7.00810589130352
MNDA(4332);-7.19637286995005
GTF3C2(2976);-3.04159130696505
RARA(5914);-6.30113765340902
RBBP4(5928);-6.46060092040992
RBL1(5933);-6.05512610915694
REL(5966);-5.94835795847387
PPP4C(5531);-6.81349496695764
RELA(5970);-6.76485191600308
BCL7A(605);-4.51128841902253
RELB(5971);-4.75485021111259
RET(5979);-6.68197831381502
RFC3(5983);-7.09051545839713
RAD17(5884);-5.87671530826017
RFC4(5984);-0.682098938705768
RFX1(5989);-7.18180061304087
RFX2(5990);-5.49984096736246
RFX3(5991);-7.12826447138838
RFX5(5993);-1.82320980361785
PRKCG(5582);-7.02739791318634
RGS3(5998);-3.9203712109357
PTAFR(5724);-6.87826487255547
POU4F1(5457);-3.85547956659335
IFRD1(3475);-4.92554166758779
RIT1(6016);-6.70575706410508
ROCK1(6093);-5.16519314716375
LIMK2(3985);-6.76648789839165
RORA(6095);-6.55569144411565
RPA1(6117);-4.03062963701972
RPA2(6118);-5.67695427206892
RPA3(6119);-3.91789369627093
RPE(6120);-7.13796640517138
NVL(4931);-7.08303163908788
RPL5(6125);-2.14601570709331
RPLP2(6181);-5.97214412766162
RAD23A(5886);-6.43952976756542
NR4A2(4929);-7.21344105537035
RPS6KA1(6195);-6.58342606665462
NCBP1(4686);-7.11062646607422
RPS27A(6233);-6.26533512355954
RRM1(6240);-6.53447178437935
RAC2(5880);0.0507677553043786
RARG(5916);-2.8394158298301
RARB(5915);-7.0557049545543
S100A1(6271);-4.80139860008656
S100A3(6274);-0.456398606246469
S100A4(6275);-7.11233476193911
SEPT7(989);-6.52162842487221
MAPK12(6300);-5.45216995619769
MAP2K3(5606);-7.0334444028421
HSPE1(3336);-6.34813366860102
SATB1(6304);-5.1632250857815
NARS(4677);-6.46753585397985
RGS2(5997);-5.47487180358126
CCL2(6347);-5.9328425791614
CCBP2(1238);-7.1859692495799
CCL3(6348);-4.19487145787205
CCL4(6351);-7.03524315131921
CCL5(6352);-6.58793515268841
MMP14(4323);-7.14648039989211
CCL7(6354);-3.57210016435268
CX3CL1(6376);-4.0048856879553
PACS1(55690);-7.23954234358528
NF1(4763);-1.77823464410687
SDC4(6385);-5.18851357427021
PTPRJ(5795);-6.63770213675351
SDC2(6383);-5.62530806293608
SDC1(6382);-7.21022813043772
CD6(923);-7.20614445512632
CXCL12(6387);-7.23083847013439
SELE(6401);-7.09567274859008
SELP(6403);-5.68668724573276
SELL(6402);-6.91793426211735
MAPK10(5602);-2.02027672796101
MAP2K4(6416);-6.71910230468183
SET(6418);5.77136258089618
SFPQ(6421);-4.98447118372894
SGCB(6443);-5.7050761103
HLA-DQA1(3117);-2.19645257563302
AK2(204);-7.16618236115149
MT1F(4494);-2.67876886012297
DDR2(4921);-0.729504093782216
PIK3R2(5296);-6.75466278379877
PTPN2(5771);6.95693328044784
GAS1(2619);-3.18219134008334
PTCH(5727);-5.51106784943235
SHMT2(6472);-6.38455896926902
SIAH1(6477);-6.9129962501736
ST6GAL1(6480);-2.42793096844081
EYA3(2140);-5.4851800713023
SKIL(6498);-6.26124402397656
SKP1A(6500);-6.4844053542983
ELF4(2000);-6.92837763551883
SLA(6503);-1.35141330527011
SH2D1A(4068);-5.13100907217728
SLAMF1(6504);-2.54897622220435
SGK(6446);-4.06413861339495
PPP3CB(5532);-7.05753104400675
RFXAP(5994);-6.01917486275613
SMN1(6606);-5.34887999761594
TOR1A(1861);-5.08756569405654
SNRP70(6625);-6.9440532731407
GLS(2744);-5.33672970920605
SNTB2(6645);-7.1227486740922
SOD1(6647);-6.13888015828967
SOD2(6648);-6.61402080606403
RAB4A(5867);-5.65863596695586
SHC1(6464);-6.35838371716497
SOS1(6654);-7.234302819104
SOX5(6660);-7.06118602765335
RXRA(6256);-5.97549422530688
SP1(6667);-6.80485362449898
UAP1(6675);-5.2690370359104
SPARC(6678);-0.753360374823026
SPI1(6688);-4.26570816620899
SPIB(6689);-6.76018250339404
SPTA1(6708);-4.84871648365525
PTPN1(5770);-3.11884536842854
DGKA(1606);-5.36755654708869
RGS16(6004);1.63013935398772
PSEN2(5664);-7.03362325103492
INSIG1(3638);-6.77564129860958
RXRG(6258);-2.0955344305087
SRF(6722);-5.659652127009
SRP9(6726);-5.09899439289376
SAFB(6294);-6.80899396127777
SRPK1(6732);-3.96749797090752
SFRS3(6428);-6.26222160991555
SSBP1(6742);-6.62664339409403
SST(6750);-6.10505518124072
SMARCA2(6595);-6.3492224089417
STAT1(6772);-6.55109775949521
STAT3(6774);-6.47473948366021
STAT5A(6776);-7.24962043767369
STAT5B(6777);-5.73727768844024
STAT2(6773);-7.09540696653905
STAT6(6778);-6.3927158101484
STIM1(6786);-6.9138640990993
STK3(6788);-6.50127693950534
STK4(6789);-5.26877745995809
STK6(6790);-5.86118654312756
RPS6KA3(6197);-5.42901245945678
RPS6KB1(6198);-5.71579710659045
STK11(6794);-3.61176565274341
STX3A(6809);-6.87068435014732
STX4A(6810);-7.07084689507652
PLAUR(5329);-3.46761622213365
RBL2(5934);-6.59776801589934
SYK(6850);-6.14500415620631
IL15RA(3601);-7.23186630540222
SH3BP2(6452);-3.01558424011549
SIAH2(6478);-4.10406900928645
TACC1(6867);-6.62116186060062
PTPN3(5774);-5.73432668759951
TAF2(6873);-6.88139491322556
TAF4(6874);-2.38639764011952
MAP3K7(6885);-7.13134240795616
TAP1(6890);-6.90267963193147
TCEB2(6923);-7.20565647801342
TCF4(6925);-6.86930585612298
TCF3(6929);-7.22111548830215
TAL1(6886);-6.81232639004693
SKP2(6502);-7.05507373481168
PDCL(5082);-6.69732110104829
CD3G(917);-6.23349716081477
TDG(6996);-6.05010517013204
RAD23B(5887);-6.10224227997555
TEC(7006);-6.69040584652007
PTPRB(5787);-6.65203112901133
TERF2(7014);-6.85503182087601
TERT(7015);-7.24140701396201
TESK1(7016);-5.75152719458864
IGFBP1(3484);-3.50519031286787
NP(4860);-1.56617346642529
TFCP2(7024);-7.16769117940081
RAB5B(5869);-7.20421372392
TFRC(7037);0.230097157152504
ADAM17(6868);-4.40141799715874
TGFA(7039);-5.5888988323494
ITGB6(3694);-7.21996119069691
TGFB1(7040);-7.19466835711325
ITGB8(3696);-7.10654142898534
TGFB2(7042);-3.98693543789582
PPP3CC(5533);-5.55631648474193
TGFB3(7043);-7.17708495954665
PCTK2(5128);-6.4253243398157
PFTK1(5218);-6.04062681214568
TGFBR2(7048);-2.22284626796288
TFPI(7035);-5.84088218075292
TNFRSF11B(4982);-4.71131642746736
THBS2(7058);-6.92915277903967
THY1(7070);-1.75495220013482
TIAM1(7074);-7.19476962143852
TIE1(7075);-7.18777107510095
TK1(7083);-6.49482037753759
CCL18(6362);-2.4814362615825
POLE2(5427);0.11613118294159
TLE4(7091);-7.10510883882936
TLR1(7096);-6.70899927987761
TLR4(7099);-7.02965004848938
TNFAIP1(7126);-6.23078259755313
TNFAIP3(7128);-6.67528747690002
THBS1(7057);-6.83523515047759
TNFRSF1A(7132);-7.10686705238291
TOP1(7150);-7.00692583602455
TOP2B(7155);-6.85276055182607
TP53(7157);-5.60620208655613
TFDP1(7027);-6.89314794140306
RRM2(6241);-6.22359100542269
IFI16(3428);-5.46957488073582
SP3(6670);-5.22701340428529
PRIM1(5557);-6.55110665009006
PFDN5(5204);-5.9680684704906
TPD52(7163);-5.49104621544937
TPI1(7167);-6.84617011479249
CCL11(6356);-6.47530968897182
TNFRSF17(608);-6.03865701458468
TNFRSF1B(7133);-7.23186436356336
TRIM37(4591);-5.94920744123432
ALPL(249);-6.78516898834896
TRAF2(7186);-3.63737763506443
TRAF1(7185);-3.41771710348717
TRAF3(7187);-4.88107589292025
TRAF5(7188);-6.36127097619491
TRAF6(7189);-6.99924251473283
PTPN13(5783);-7.24054676677427
ITPR3(3710);-7.2350241593901
TSHR(7253);-7.11824631523636
DNAJC7(7266);-6.94941140647411
TM4SF1(4071);-4.05910739643474
TBCE(6905);-6.14996631473575
TNFSF4(7292);-6.90579867734018
TXK(7294);-6.92668908592093
TYK2(7297);-4.95060015114741
TYMS(7298);-6.24885705918064
GAS6(2621);-6.47671139798562
TYR(7299);-7.01153143090466
TSG101(7251);-6.48060635270189
UBE2D2(7322);-6.85326877206631
SOX4(6659);-6.17248315324266
UBE3A(7337);-6.60082171663802
SP100(6672);-4.59779595598036
CRHBP(1393);-6.6475952013132
CIDEA(1149);-5.89454070170854
UGP2(7360);-6.81510856077833
CYP3A4(1576);-6.66827018397675
UCK2(7371);0.431616460509941
TP53BP2(7159);-6.88661667694108
UROS(7390);-5.00039961707743
USF2(7392);-7.02652337808648
LPP(4026);-6.97935566998293
VASP(7408);-7.08427150460508
TUBA1(7277);-7.22316449948014
VAV2(7410);-6.1486145679117
VCAM1(7412);-5.26078225866743
HK1(3098);-6.9856524617752
VDR(7421);-7.1349051988964
VEGF(7422);-6.1822329905137
VEGFB(7423);-6.58773277554344
VEGFC(7424);-6.70113593652809
VBP1(7411);-4.86486058673266
VIL2(7430);-6.53701668079318
VIM(7431);-7.23191706279894
VWF(7450);-6.30406139486622
WAS(7454);-3.20501268539131
TBL1X(6907);-6.19994243088098
RYK(6259);-5.69829515349257
SFRP1(6422);-6.83159261543939
POLD2(5425);-2.00973252064327
XBP1(7494);-0.221947492554224
BTN1A1(696);-6.98797916197863
XPC(7508);-7.18550856986968
XPO1(7514);-5.54492348165792
LIG3(3980);-4.35775190938032
XRCC4(7518);-6.66211334705718
VAV1(7409);-7.09507164894094
WRN(7486);-6.15178310107763
XRCC5(7520);-5.29199843763424
RPL10(6134);-7.00660001678258
TYRO3(7301);-6.33436995323452
YES1(7525);-6.41160701724868
TSC2(7249);-6.79913351667009
WEE1(7465);-3.05785357196247
RGS7(6000);-5.46783996124684
DHX15(1665);-6.4111871707102
UCP2(7351);-3.25772855843587
TAZ(6901);-4.6129018428117
RASGRF1(5923);-6.72681195684884
SPTBN1(6711);-7.2136798793342
CTPS(1503);-0.44952257899624
CLK3(1198);-6.87736426167303
SFRS10(6434);-7.23872528838817
YWHAE(7531);-6.58099153396995
NFATC4(4776);-3.98203652852533
ZAP70(7535);-6.10685697848918
WASPIP(7456);-3.92973013579496
TYROBP(7305);-7.04492864800978
ZNF42(7593);1.50478794665417
ZBTB16(7704);-5.72381737968459
TRIM25(7706);-5.0946246746838
TRIM26(7726);-5.36839961852149
UBE2A(7319);-5.67344881957035
ZA20D2(7763);-3.82427699941081
RGS1(5996);-3.83262391303414
PTP4A1(7803);-4.89336027890399
DAP3(7818);-7.20101149682668
IL1RN(3557);-7.08869956869527
CXCR4(7852);-3.67301025984385
SEMA3B(7869);-6.59516978395995
USP7(7874);-7.24828444208285
ST8SIA4(7903);-6.23458808742421
RCN2(5955);-4.62453522584961
NRF1(4899);-7.23206517550092
MAFK(7975);-7.25473688077197
MARS(4141);-7.17916046162182
ZFP36(7538);-7.00825567162495
SPTB(6710);-7.04888415961863
FXR1(8087);-5.52718849876023
KPNA5(3841);-7.08123788604499
SLC3A2(6520);-5.21053733649431
SF1(7536);-7.03345272821942
MADCAM1(8174);-6.87288719043101
CLPP(8192);-3.11248816024679
NCOA3(8202);-5.73871621253853
SUMO1(7341);-6.34311665686281
U2AF1(7307);-3.51693841649546
RAD21(5885);-2.01202361366564
NAT1(9);-5.97983297991723
PRDM2(7799);-6.57628271227677
KLRC4(8302);-4.70050591568297
ANP32A(8125);0.857623306881942
BRAP(8315);-5.79018444917174
WNT3(7473);-2.22752454852658
WNT2(7472);-6.21244989694077
LAMB1(3912);-7.22289770750885
UBE2H(7328);-6.83060326768075
NASP(4678);-6.51800377833793
EEA1(8411);-6.85135275543181
RAB5C(5878);-6.85731403310151
SFRS7(6432);-4.30034658973803
VHL(7428);-7.13711806195389
VCL(7414);-2.8975885525532
OGT(8473);-7.02443185348242
PTPRS(5802);-7.13889868820259
PPP2R5D(5528);-7.19027521218774
PGAM1(5223);-6.33889292378368
VTN(7448);-7.18083582199452
IKBKG(8517);-6.53585070157987
IKBKAP(8518);-2.4484453019484
BAT5(7920);-7.0507815949642
IFITM1(8519);-6.04210180043179
DGKD(8527);-5.92782629976199
RALA(5898);-5.28525337771414
CUL5(8065);-7.04086658742457
CAMK1(8536);-6.90565103917399
SUV39H2(79723);-6.77017272648836
RAB2(5862);-7.14893504155367
MAPK11(5600);-6.55703187382934
BHLHB2(8553);-5.30399232444898
PIAS1(8554);-3.92929780416975
TTN(7273);-6.98620339085659
MADD(8567);-6.57015979826541
PRKRA(8575);-4.32719777481313
TNFSF11(8600);-7.1809000115852
PLA2G4C(8605);-6.90859524726083
PIP5K1A(8394);-6.28013002518189
TP73L(8626);-7.07509401465004
SMO(6608);-6.48304607871765
NCOA1(8648);-6.03211389154495
POLH(5429);-6.8994112508775
PIK3R3(8503);-6.2256530231907
SOCS1(8651);-6.50705952909187
EIF3S9(8662);-3.63492987630388
STX11(8676);-4.76517525421559
TRADD(8717);-7.09427026900366
YY1(7528);-7.26206952107901
RIPK1(8737);-6.43821820463532
TNFRSF25(8718);-6.64203704401883
TNFSF10(8743);-7.26504493348921
TNFRSF14(8764);-5.84728493511744
TNFSF13(8741);-7.0668236414693
PEA15(8682);-6.73625056699977
TNFRSF10D(8793);-6.65864594834801
FADD(8772);-6.85247252263448
TNFRSF10B(8795);-6.62860788018988
PCTK3(5129);-4.94469558737275
RSN(6249);-4.67425662451105
NRP1(8829);-4.64638898401728
ARID4A(5926);-6.60072524008277
HDAC3(8841);-3.85636361153635
MAP3K12(7786);-7.10795695985721
TSC22D1(8848);-1.92815884081201
PCAF(8850);-6.81983253733925
SLC29A1(2030);-7.18596462507214
SYNJ2(8871);-6.18401960725073
TAX1BP1(8887);-6.81460090043557
CCNA1(8900);-5.11398672978763
AP1S2(8905);-5.34053671938116
BCL10(8915);-4.05771050788412
LAPTM5(7805);1.09861741656057
PRPF4B(8899);-7.00640280804422
TNFRSF18(8784);-4.94623092378166
NOL3(8996);-7.10585654631301
F2RL2(2151);-4.14658304372282
MAP3K14(9020);-6.58510959111894
IRS2(8660);-6.2734456910818
SOCS2(8835);-6.13863107849752
SMARCC2(6601);-7.02416810311645
STAT4(6775);-3.36534626047375
ANGPTL1(9068);-7.0781063638614
UBE2B(7320);-6.38965375506583
EIF2S2(8894);-4.54825753260471
ASH2L(9070);-6.73600534211516
STAM(8027);-7.09662280047351
USP8(9101);-7.23178890192165
IFI35(3430);-5.62993740381206
MYCN(4613);-7.20805389999605
DDX18(8886);-6.20831516489123
EBI2(1880);-6.64958547035195
LATS1(9113);-6.81542053173847
SMC1L1(8243);-6.67692149435415
AP1G2(8906);-6.77348527522044
ARHGEF1(9138);-4.27462999952391
TADA2L(6871);-3.77700045789262
PMS2(5395);-5.085403493875
PCSK7(9159);-6.9768046833152
OSM(5008);-7.13226951017199
DDEF2(8853);-6.99507236343285
RENBP(5973);-6.8551408454625
CFLAR(8837);-5.18707180512143
CLCN5(1184);-6.57880892771629
RPS6KA2(6196);-6.97906808796021
TCF12(6938);-5.80655466980599
RARS(5917);-5.97418761903673
SCYE1(9255);-5.8616261734364
SPP1(6696);-3.87915913392462
GEM(2669);-4.17757976232319
LSP1(4046);-3.04424209242074
MAPKAPK2(9261);-6.65471984325191
STK17B(9262);-7.01549365293339
STK17A(9263);5.35059653701232
PSCD1(9267);-6.23944192884263
RGS4(5999);-5.92656429707264
DNAJA3(9093);-7.10696859195475
COPS2(9318);-4.68811414194711
COPS3(8533);-6.17840877651178
GALT(2592);-7.05991634207603
BTG2(7832);-6.49108881689611
STX16(8675);-2.61900960589014
EFTUD2(9343);-5.98030207150337
ATP6V1B1(525);-7.2409172078018
RBBP6(5930);-7.06557328714758
ST13(6767);-5.98067382530321
TIMP1(7076);-4.93285561485895
TOP3B(8940);-6.81895731697925
TOP3A(7156);-6.98885017182355
ZNF265(9406);-6.29602306050008
TCEB3(6924);7.50051487580458
HGS(9146);-5.78831994786492
FUBP3(8939);-6.13827965010173
CD180(4064);-7.03251910156121
GFI1(2672);-6.90159849670398
EIF4EBP3(8637);-6.03933901575926
ATG12(9140);-6.8961913706507
IQGAP1(8826);-6.83224872030264
GDF15(9518);-7.23004918095343
SCAMP1(9522);-6.90139310610303
SPOP(8405);-7.24109996157972
PPAP2B(8613);-6.3944760360426
PIAS2(9063);-3.87709172510209
NR1D1(9572);-1.89893626035481
PRDX6(9588);-6.74156655294403
PDCD2(5134);-6.28893444179242
NCOR1(9611);-7.05409301151756
CUL2(8453);-6.01504516226538
UBE1L(7318);-5.0317872583335
FEZ1(9638);-3.69865592823122
PPM1F(9647);-3.55923727011612
GCC2(9648);-6.69457457718674
TP53BP1(7158);-5.73872347564944
UBE3C(9690);-3.83702195961793
TRAM2(9697);1.49073791483668
NCOR2(9612);-5.94975830740599
RFXANK(8625);-7.17633209170647
HDAC9(9734);-6.49009007425329
PTPRN2(5799);-7.13991562835735
BAG3(9531);-6.38897439297806
UBE2L6(9246);-5.62037218240827
ARHGEF11(9826);-6.30626543418125
FGD1(2245);-5.20836623244527
GRAP2(9402);-6.84079350361887
PDCD8(9131);-6.07468847010387
GSTO1(9446);-6.89758915366941
TLK1(9874);-2.47077163974778
LPXN(9404);-7.11381884040283
PARP4(143);-5.63138289134635
CRSP3(9439);-6.70008004357752
NR0B2(8431);-6.83874634032974
NUP153(9972);-6.66764137820646
OXSR1(9943);-6.87519465230706
CASP8AP2(9994);-6.55788582237189
TCL1A(8115);-7.1838373362718
ZBTB33(10009);-2.42593871801803
IKBKE(9641);-5.52757894344008
PDCD6(10016);-7.16271742752492
BCL2L11(10018);-5.35862574674647
XRCC1(7515);-6.1407553079475
BUB3(9184);-5.1511482675141
PWP2H(5822);-2.96165081541759
ENTPD1(953);-0.190278855800181
RANBP9(10048);-7.11559982350945
UBA2(10054);-6.0713921708476
COX17(10063);-6.03723858555205
POM121(9883);-2.35021819797841
LTA4H(4048);-6.95030827283013
LIMD1(8994);-5.18344708896016
FEM1B(10116);-7.16384374966262
BST2(684);-6.66809344529223
DGKZ(8525);-6.95339589664183
LRPPRC(10128);-5.95686267134929
TBC1D4(9882);-3.30333485005473
TRIP10(9322);-7.23325952822783
LAG3(3902);-6.89741558057957
SPG7(6687);-6.992403362821
CHAF1A(10036);-5.40917722919301
PSTPIP1(9051);-3.98095077266366
ZNF197(10168);-6.78120627740306
DLG5(9231);-6.61566792056355
THOC4(10189);-7.23156382702071
PSME3(10197);-4.46794460779887
PTPN9(5780);-6.94563432886498
DEK(7913);-7.03590206042971
WARS(7453);-6.93010493117513
CDK2AP1(8099);-6.88815121080328
SH2D3C(10044);-5.56560127660584
SHMT1(6470);-2.16290504031505
UNG2(10309);-7.20962953124154
UGCG(7357);-4.6778350631297
RTN3(10313);-6.77361950500237
KIAA0103(9694);-6.98516415612205
TRAP1(10131);-7.09426598140057
CCNK(8812);-6.74940835683369
TUBG1(7283);-4.2052226239882
LAPTM4A(9741);-6.70067731389885
SOCS6(9306);-6.41303586608892
CEPT1(10390);-7.25139722870077
TEAD4(7004);-5.90915937160792
ROS1(6098);-7.25307754988385
ABCB1(5243);-6.6010201111306
ABCB4(5244);-6.46597622536301
TNK2(10188);-6.94822975223996
MERTK(10461);-7.11474442371716
TIMM44(10469);-3.451329864738
RNF8(9025);-6.74864134765225
NUP214(8021);-7.21896323979093
MALL(7851);-5.94822800938532
STX8(9482);-6.86586215216847
MYO9B(4650);-7.21746306632153
NCOA2(10499);-7.02375676108788
PIAS3(10401);-6.66323796605354
SOD3(6649);-4.12114772857197
G1P3(2537);-7.17625838196887
PTPN4(5775);-6.94067252453261
PDCD5(9141);-0.00692573367290436
RABIF(5877);-7.06668055069287
SLC1A1(6505);-0.092093686689174
SPTLC2(9517);-7.09369023892335
CCL21(6366);-6.83173088675361
RAB7(7879);-3.59479927866558
C6orf108(10591);-5.4641378763503
SMC4L1(10051);-5.42979105590733
UMPS(7372);-4.22130329138964
PAICS(10606);-2.12590470521885
AURKB(9212);-5.88594415256715
MAP2K5(5607);-7.24371763457868
TXN(7295);-3.02962042479672
PSMF1(9491);-6.30258799013751
KHDRBS3(10656);-3.32566757384478
KHDRBS1(10657);-6.25408858821804
FUBP1(8880);-6.69130697651884
CUGBP1(10658);-7.24509073376936
GPR17(2840);-6.94734282632698
TNFSF13B(10673);-7.16650988417736
RGS11(8786);-6.83583480308754
RGS9(8787);-7.03515250272782
NFAT5(10725);-4.71745472445659
PLK4(10733);-5.44733497795016
TGFBR3(7049);-6.84783245021548
TYRP1(7306);-4.56779611428062
FZD3(7976);-4.4280552909064
CCL25(6370);-6.42811163683055
PGK1(5230);-6.73154799778158
SEPT9(10801);-5.78373330185557
MALT1(10892);-6.22604374940366
TRRAP(8295);-6.73205678873743
UTP14A(10813);-7.03522361375171
SF3A1(10291);-5.57506239178714
NKTR(4820);-5.68741558613651
TIA1(7072);-6.68503841402815
CDC7(8317);-5.79817381541669
TCERG1(10915);-7.191310590638
RAB11FIP3(9727);-7.16490396436551
RBX1(9978);-6.52691248977644
ZFHX1B(9839);-0.040929047974282
RP13-297E16.1(8227);-6.9997309873765
FCHSD2(9873);-6.39904430720756
NEK6(10783);-2.69931647017698
TLK2(11011);-6.93928286642028
PTP4A2(8073);-6.64034157465573
IL1RL1(9173);-7.2209683572582
FASTK(10922);-4.78765712316635
RPS9(6203);-1.4478969363032
CPSF6(11052);-5.12808241610655
TOPBP1(11073);-3.40103530280749
AKAP1(8165);-1.73713335946897
NXF1(10482);-6.71285934470363
FAF1(11124);-6.97060251969407
CRADD(8738);-6.87283908925278
TANK(10010);-5.79143647002095
MAP4K1(11184);-6.99434144338036
XPA(7507);-6.7499595319345
C14orf1(11161);-1.2612238686409
MRC1(4360);-2.16194623929462
PPP2R2B(5521);-1.25884999751469
ETV3(2117);-6.20603780178669
TLOC1(7095);-7.25229746507829
STK25(10494);-6.34231087000072
STK24(8428);-6.45833803681602
COPS5(10987);-6.75233865387339
IDH1(3417);-0.119619892111213
TNFRSF10C(8794);-6.43826179734001
GNG11(2791);-6.83299479654129
SLC9A5(6553);-5.41373262490095
DCK(1633);-4.22237514477914
G1P2(9636);-6.5640697847579
EHMT2(10919);-5.47932768881466
STK38(11329);-6.51612080351844
CBX3(11335);-6.32181774710839
U2AF1L2(8233);-7.09045219514425
SRPK2(6733);-6.54306902613724
TBC1D5(9779);-5.79707059096845
TFEB(7942);-7.24492071719091
ZNFN1A1(10320);-6.97815517998178
TAPBP(6892);-5.25300005130647
U2AF2(11338);-6.92126816078034
RAB11FIP2(22841);-6.67653785512985
NALP1(22861);-6.79466056922402
SEC13L1(6396);-7.1645134950781
AXIN2(8313);-7.22498072884838
ZHX2(22882);-6.06262623662239
UBE2E3(10477);-6.07017725567313
CARD8(22900);-6.4282765117152
K-ALPHA-1(10376);-6.82405228035599
TRAK1(22906);-6.97428011871734
PLA2G10(8399);-7.11116532408205
NFYC(4802);-6.73515184239615
ATF6(22926);-4.988416608363
SP140(11262);-2.66884382828706
CDC14B(8555);-5.50254036839743
PGRMC1(10857);-3.78151167655193
TMEM11(8834);-6.04947099810885
SCMH1(22955);-5.07108726223049
NT5C2(22978);-2.86012202485944
RAB10(10890);-6.46658274931847
MTA2(9219);-6.28304263316446
IHPK1(9807);-6.62071480662701
FNBP1(23048);-1.46729719744712
TNKS(8658);-4.43052355360777
ENTH(9685);-3.07955830473405
GGA2(23062);-4.75493365908777
SORL1(6653);-1.65564764297366
SSR4(6748);-4.4663308723836
MAP3K7IP1(10454);-5.90233379318272
TRIM22(10346);-5.27652028056184
MAPK8IP3(23162);-7.17495112202984
PASK(23178);-3.84344108138476
FBXW11(23291);-6.63545905730762
EHD1(10938);-6.94371790676325
SCFD1(23256);-6.18791323992929
VPS39(23339);-5.8882395436028
PUM2(23369);-3.6276271208094
KHSRP(8570);-7.16171563103353
NOMO1(23420);-4.4493517830345
EXOC7(23265);-7.03006861748307
MELK(9833);-6.67947201170595
KLRG1(10219);-7.19514760964352
CABIN1(23523);-7.25785226338713
CLCF1(23529);-6.07949719336809
FGF12(2257);-6.9085323220485
STYX(6815);-6.50456385270971
BCLAF1(9774);-5.50743810426283
DAPK2(23604);-6.54233521559302
CD2AP(23607);-5.29958235519453
XPO6(23214);-7.13419603201201
LSM6(11157);-4.40613815959856
SLC9A3R2(9351);-6.65979614212552
GCA(25801);-5.7804568749325
EIF4E2(9470);-5.723431420743
COG1(9382);-5.90863383126858
NOLC1(9221);0.831789749101282
ZNF202(7753);-6.51704182578441
EPHX2(2053);-6.32896056295107
CBX5(23468);-6.42272585155838
MXD4(10608);-6.55032884880573
L3MBTL(26013);-7.04802253058367
UPF2(26019);-6.16561824319032
SKIV2L2(23517);-6.25221936190078
MACF1(23499);-5.38579597653586
SH2BP1(9646);-0.406833220822296
GGA1(26088);-5.32849337855912
PAXIP1(22976);-6.30865214900809
HIPK3(10114);-3.70049389962904
DICER1(23405);-7.12986417348406
SIN3A(25942);-5.3323517281458
PABPC1(26986);-7.11625133199939
EPN2(22905);-5.88152960625376
HUWE1(10075);-3.83819621859939
POLI(11201);-1.22288244345642
NPHP3(27031);-6.82761374530437
TXNIP(10628);-6.5008904691602
ACAD8(27034);-5.29140302235742
GRAP(10750);-5.09706139187745
FOXP1(27086);-1.63159227143005
CDC37(11140);-6.9591562936394
MAST2(23139);-4.20452061797012
RNF19(25897);-6.36724241915171
IL18BP(10068);-7.24983783953017
IL18R1(8809);-6.16683601248221
SIT1(27240);-5.04254335988546
PDCD4(27250);-5.90083014408458
MAT2A(4144);-0.148816974388935
DLL1(28514);-5.86156992716525
ARHGEF6(9459);-7.17958691221259
PTPRZ1(5803);-6.50424620876441
GIT2(9815);-6.55711520267085
DENR(8562);-5.53239885030469
CIC(23152);-6.6421432027696
HYPB(29072);-5.51120128601516
TNFAIP8(25816);-7.05111084004786
CDC2L5(8621);-6.60044859825683
BRE(9577);-6.66725784996447
PRKCBP1(23613);-6.02470404094166
ASNS(440);-4.48905176331932
MAPKAPK3(7867);-3.00759762992576
RIBC2(26150);-7.16541619449231
CUGBP2(10659);-4.43380864716703
FZD7(8324);-6.22687846458684
TCL1B(9623);-7.04451819422541
SH3KBP1(30011);-2.19284859007419
BLNK(29760);-2.23357848303061
SLC1A4(6509);-7.08961646401643
ZFP161(7541);-6.14759391850081
IL10RB(3588);-5.15352945814392
TRAT1(50852);-4.36714588593425
POLR1C(9533);1.04342970553524
FABP3(2170);-6.43016724404329
NIN(51199);-6.62843979466
POLA2(23649);-6.67873401058458
RPL13A(23521);5.1568728000642
RCOR1(23186);-2.95240582963863
SP4(6671);-5.73752322837063
TAOK3(51347);-6.75333345851127
TOMM34(10953);-6.90033348640177
PRKAG1(5571);-6.6961989062888
MTA1(9112);-6.94339706217979
PPHLN1(51535);-6.78170107834441
CCL13(6357);-1.10655108395381
CXCL13(10563);-7.25107335361859
C6orf55(51534);-6.83369992913709
MBIP(51562);-6.98441666985563
LEF1(51176);-7.17820358110852
IMPDH2(3615);-3.06870729215506
ERGIC3(51614);-7.07155011079396
DRAP1(10589);-6.24929871550752
CCDC53(51019);-2.50287290673638
LUC7L2(51631);-6.60006979892939
SNW1(22938);-5.91969998009824
IFIT5(24138);-4.13696590627424
SNX9(51429);-7.0948204645631
MTHFR(4524);-6.78551005717546
ITSN2(50618);-6.83009193907327
DBF4(10926);-7.06191352222424
NLK(51701);-5.87726694111697
CEP57(9702);-5.91194819330734
GNB5(10681);-6.73913131304437
TMCC2(9911);-6.50722591113599
TREM1(54210);-6.98631760324978
FZD6(8323);-6.62960796900512
RAD50(10111);-6.06014657862157
TRIAD3(54476);-7.14155923623264
AKR1A1(10327);-4.8762447973792
USP33(23032);-7.11871593197172
MYO1C(4641);-6.85483425434057
PLEKHC1(10979);-1.38589745845233
M-RIP(23164);-0.466872408164568
TRPM7(54822);-7.1310719906136
RP11-502H18.1(9857);-7.00904480522758
SYT17(51760);-5.41541771185259
PIGF(5281);-5.60311161409109
C10orf18(54906);-6.14539087155673
RRAS2(22800);-5.80446384613281
PHKB(5257);-6.25949552982437
KIAA0232(9778);-7.1912980742801
TESC(54997);-5.98869477550389
NOL8(55035);-1.67278675150812
IFITM2(10581);-6.41664306481321
CRSP2(9282);-6.01151160290126
THRAP5(10025);-5.62293403741541
XRN1(54464);-4.0509734592856
ZCCHC10(54819);-6.69160672987752
THAP1(55145);-6.76608027347967
PKMYT1(9088);-6.48704145327988
BSCL2(26580);3.65167552932564
DKFZP779L1558(55297);-5.39380791904689
FLJ20625(55004);-4.79876650147721
LSM8(51691);-5.16715100876265
KEAP1(9817);-3.3175067183929
MMP11(4320);-2.99543018350622
RLF(6018);-7.19628500763783
RBAF600(23352);-7.24893566278567
BRD4(23476);-6.9118352525926
CRKRS(51755);-6.41102937003984
ZCCHC8(55596);-6.06391333355746
PDCD7(10081);-6.19628111643626
PRPF40A(55660);-1.51184123169548
PEX6(5190);-7.20086064661381
SENP3(26168);-5.85994959975273
TTC3(7267);-6.52021399769096
RRBP1(6238);-5.61009903710444
ZNF518(9849);-7.14112699232797
DMTF1(9988);-6.62844686486414
ZNF259(8882);-6.80791989897434
PSPC1(55269);-6.27003267189443
RBM5(10181);-6.54046316951435
RPL37A(6168);-3.65422404270714
SHFM1(7979);-7.24908040354762
EIF2C2(27161);-6.57692912995091
EAF2(55840);-5.73878350753235
ERBB2IP(55914);-6.56680561504802
GLMN(11146);-6.88379874266659
KIAA0251(23042);-7.07366114439247
LY6E(4061);-3.8079412501589
FAM46A(55603);-4.18879923250022
C14orf130(55148);-6.39503383449167
TRIB2(28951);-5.8596093678019
PDIA5(10954);-7.03568924100899
QSCN6(5768);-6.53307369807486
ARL4C(10123);-7.25831700013832
ZDHHC3(51304);-6.91458280438632
ZFPM2(23414);-6.95278965022932
NUP210(23225);-2.78844889014415
CLOCK(9575);-4.06197505317748
PBX3(5090);-7.24834270177402
RASSF7(8045);-7.06247809725283
ASCC3L1(23020);-6.58948667647942
UQCRC2(7385);-6.87021068173926
CDKL1(8814);-6.81270431609418
TTC17(55761);-4.17677634350839
IRAK4(51135);-4.5655630913833
ARPC2(10109);-6.20216735244005
SFRS16(11129);-4.81371863262841
SCYL1(57410);-3.70887513981435
PLCL2(23228);-5.13691313836333
REXO1(57455);-4.21884877274934
ARID1B(57492);-6.01071920422929
RASGRP2(10235);-4.64990477023357
C7orf20(51608);-6.78751359574949
FLJ20364(54908);-6.98781372113046
STAU2(27067);-7.07893113551612
DUSP12(11266);-3.91409851498776
PBK(55872);-7.07541994392523
RIF1(55183);-6.82539141503191
MKL1(57591);-7.12764586843288
APTX(54840);-4.06552268069567
RAI17(57178);-5.73294908530289
COQ9(57017);-6.31195524769548
ATF7IP(55729);-6.46054226376888
HTATIP2(10553);-6.8863525184609
SEC23IP(11196);-7.03642367251476
WRNIP1(56897);-6.78995462882753
SLAMF7(57823);-3.70748548289627
PTBP2(58155);-7.13361236957403
CXCR6(10663);-6.31266850738769
IL21R(50615);-6.96897737930822
CCL16(6360);-6.88545809169975
RLN1(6013);-6.74650245281633
NIF3L1(60491);-6.8793137885882
BTBD2(55643);-6.04790951020274
MMP10(4319);-6.62775219001958
SEMA4A(64218);-7.00697600002985
ZNFN1A5(64376);-7.19291697629842
GORASP1(64689);-6.25784364086794
EPHA1(2041);-6.94247026107398
RAB22A(57403);-5.06467975262367
GNG2(54331);-6.96959684752318
BTBD15(29068);-6.56938413445156
HELZ(9931);-7.19982443768571
NMNAT1(64802);-6.29322616206252
IL17RB(55540);-3.71573753449703
ST14(6768);-7.20366212427343
TINF2(26277);-6.9440824008067
RTN4(57142);-7.18028835618665
NADK(65220);-6.11265245169412
STK39(27347);1.69533126529204
TP53I3(9540);-7.18872844599189
MTMR9(66036);-6.51684626006412
CASC5(57082);-6.1975790578483
WIPI1(55062);-7.17327498145248
SRCAP(10847);-6.60842106161546
ARID4B(51742);-5.93404061339411
CHIC2(26511);-5.44877693586648
CDKN2D(1032);-7.09553157477147
HPS5(11234);-6.58675995066627
ZNF287(57336);-6.01280713090829
PPCDC(60490);-6.64210033067183
MUS81(80198);-0.140883387244563
RAB35(11021);-6.52943105136737
RCOR3(55758);-6.48798529271382
TTK(7272);-6.6547731882489
MYO9A(4649);-6.32144112321727
CDT1(81620);-6.7020713191672
PPP1R15A(23645);-7.24453410719784
PCQAP(51586);-6.96842098183096
RAP80(51720);-7.05577331838638
RAP1B(5908);-6.03650291599376
RASSF5(83593);-2.38285747968757
WBSCR1(7458);-6.98548077180452
NUMB(8650);3.05917269567344
PHF10(55274);-6.08385827164725
DBF4B(80174);-6.85479938061806
GRINL1A(81488);-7.03246651843453
GOT1(2805);0.428861502021002
MED28(80306);-5.90595190907148
DKK1(22943);-4.8940131641699
WDR33(55339);-5.29701949743106
TRIB3(57761);-4.14873933670273
MGST2(4258);-6.52631601331168
FLJ12716(60684);-6.47131453422882
ARL6(84100);-7.2064605338021
PTD004(29789);-5.58199246014733
SNIP1(79753);-6.78687276563439
JMJD2B(23030);-6.32303277313353
TSPAN7(7102);-3.90156667090831
Pfs2(51659);-7.06174265682964
RAB11FIP4(84440);-6.44291579781074
SLC9A7(84679);-6.43699120845891
CYCS(54205);-1.16133908112637
WDR42A(50717);-0.256749433479841
C6orf166(55122);-6.90388135455555
RYBP(23429);-4.79597704173587
NRL(4901);-6.96206817688715
CXorf26(51260);-3.3318537510622
EPS15L1(58513);-6.87564059719725
TNKS2(80351);-6.19566974743431
FZD1(8321);-5.99909578750742
RND1(27289);-7.14320924510651
TDRD7(23424);-6.6791452694656
MARCO(8685);-7.0043023696059
TIFA(92610);-5.83061653219391
RPS6KA5(9252);-7.11187824934198
HNRPLL(92906);-6.76049312085338
NAG(51594);-7.08672016781364
C14orf32(93487);-6.34411825379128
MSLN(10232);-6.47377233768225
CSNK1G3(1456);-6.05511688492373
TRAM1(23471);-6.50531330539
SLAMF6(114836);-6.29165493440462
NBPF3(84224);-5.21849092419223
HOMER2(9455);-4.3595467691502
EXOSC5(56915);-1.96799093410953
RAB3GAP2(25782);-7.04843650060221
PSMB1(5689);-6.68038545068738
INSL3(3640);-6.31162178964694
USP22(23326);-7.25468058039491
WNK1(65125);-6.74920825472307
PITPNM2(57605);-7.16389323972621
CD200(4345);-6.56302440622871
RP13-383K5.1(55285);-6.86394988396888
FLJ22028(79912);-6.67934329855774
BMF(90427);-1.21973560450028
THRAP3(9967);-7.23873945498369
SFRS12(140890);-6.118644726106
SYT9(143425);-6.61154731405708
RIPK3(11035);-1.9113063133316
DEDD(9191);-6.02295245596835
DCP2(167227);-6.75578582967861
TAF15(8148);-7.19983187237827
CSRP3(8048);-6.17694524362444
ZNF403(79893);-6.77197745075049
SNF1LK2(23235);-2.90992991326845
APOBEC3G(60489);-6.99981163349144
YTHDC1(91746);-7.24792715863442
ARL8B(55207);-7.18404499917008
ITGA8(8516);-7.18448549419282
NT5E(4907);-6.60464808804278
ACO2(50);-7.23753950603964
SPINT2(10653);-6.08294692016095
GMPS(8833);1.16454251628858
UBE2V1(7335);-6.68608398581969
CTRL(1506);-4.28086294906732
ALDH5A1(7915);-6.9118746746372
ST5(6764);-6.12383613608099
PTPN18(26469);-6.75118256738546
PAG1(55824);-3.42727523577728
DOK3(79930);-6.03312357013445
LAMA1(284217);-4.26188391979955
ADSS(159);1.1122125356486
DNASE1(1773);-5.53589175603599
HIP1R(9026);-5.96620957933136
KIF23(9493);-4.59137749520958
USP6NL(9712);-7.07195319014914
MYO1E(4643);-4.40669120703008
WASF3(10810);-3.17339016399184
CORO1A(11151);-7.06583911422652
SSH2(85464);-6.14498258875106
CPNE4(131034);-4.63285210040627
PTPRO(5800);-7.18611483361873
TMSB4Y(9087);-0.683669846692417
PTK9(5756);-6.96096841149039
SYNE2(23224);-4.26785182580852
PPP1R9B(84687);-7.21094819177982
PALLD(23022);-6.98871385576259
SWAP70(23075);-3.66825354025505
SAG(6295);-7.2535276110821
DNAJC6(9829);-7.19409086751369
FANCL(55120);-6.79927091178717
IQWD1(55827);-6.54678429241325
WDR61(80349);-6.55862144800276
AFTIPHILIN(54812);-4.00757477438547
DNER(92737);-7.06865839809227
MTCP1(4515);-3.72501652085284
PPM1A(5494);-3.72875885418526
DLC1(10395);-6.97417195990851
KIAA1212(55704);-6.34013176167052
TUBB(203068);-7.12697961962015
TGFBI(7045);-0.712855856767509
ADAM19(8728);-6.33764098227201
RIN3(79890);-6.64990899104725
FCGR3B(2215);-6.87254667852545
MAP3K7IP2(23118);-5.8587868041947
RAPGEF6(51735);-7.0086197159793
FAIM2(23017);-5.48030128858022
ETV5(2119);-2.91755469828561
IARS(3376);-6.71612980182818
PNRC1(10957);-6.18743547909616
TMED10(10972);-6.77431639630839
ARHGAP21(57584);-5.67220161052309
C4orf14(84273);-6.82732095516309
TRIO(7204);-6.74955612226189
PITPNM1(9600);-6.75369494372146
VAV3(10451);-5.37108189534335
AKAP13(11214);-5.39026477262659
DAAM1(23002);-7.18736113539186
ARHGEF3(50650);0.310381112233779
GMIP(51291);-7.05350538134094
PLEKHG2(64857);-7.23107106899491
DOCK7(85440);-3.91397241686201
SPRED2(200734);-5.63495513165487
ELMO1(9844);-7.11868481719877
EXOC5(10640);-5.61128042668808
FAM46C(54855);-6.41426943265588
NECAP2(55707);-6.35567687724514
CDCA1(83540);-7.26119486772334
DCLRE1C(64421);-4.71284524323102
TNFSF8(944);-5.50125691425802
CD1A(909);-5.65652238533834
LILRB1(10859);-4.39809921933963
BBC3(27113);-6.23981727190364
HRK(8739);-3.30081028735295
ITM2B(9445);-7.06288480700337
BFAR(51283);-6.70134541255897
HDAC7A(51564);-4.72913902767578
PDIA4(9601);-6.94251842409284
TM2D1(83941);-6.40660363793908
RPL11(6135);-3.96314495900657
WDR68(10238);-5.94212420964745
AKAP8(10270);1.82800286803892
BAP1(8314);-7.20931589187224
BRCC3(79184);-6.63986400359753
BRIP1(83990);-5.43857430012914
SH3BP5(9467);-0.69037725203185
TLR6(10333);-6.3193694639165
PIK3AP1(118788);-6.9851008043277
PTPN21(11099);-4.96328836921923
C11orf30(56946);-7.02124959675398
GRK4(2868);-4.33238995763833
PCP4(5121);-7.13084754802443
PPEF2(5470);-6.77139264403385
PPEF1(5475);-6.57496129789532
RGS10(6001);-6.72659677808992
CREG1(8804);-6.01819043913991
PACAP(51237);-0.423394420213116
MYL3(4634);-6.72191081624619
SRP72(6731);3.23453403482212
SLK(9748);-6.36184872607189
UBE4B(10277);-7.07494860392894
BIRC6(57448);-7.0563954745404
UBE2J1(51465);-6.9500592675698
MAP4K4(9448);-2.87806628664393
TLR10(81793);-7.173238463795
BCAS2(10286);-3.52276788232101
PTPN22(26191);-5.03074978918423
OSTF1(26578);-7.12424117509054
SLA2(84174);-4.48335916887737
CCNF(899);-4.85208482493899
RAGE(5891);-6.99414449006277
AFF4(27125);-7.09446156853307
EDEM1(9695);-5.87068601969547
EBI3(10148);-7.24994419837905
KLF13(51621);-4.54552256794292
NSMAF(8439);-6.91773949767295
CTSF(8722);-6.90168340463226
IGJ(3512);-7.08732407718492
CDC16(8881);-6.77096728132104
ANAPC7(51434);-7.21864926066904
CCNB2(9133);-6.5712154183332
MPHOSPH1(9585);-7.17565915681488
NDE1(54820);-7.17558845526277
CEP55(55165);-5.9398312565836
ATF5(22809);-5.91247336917056
ZA20D3(54469);-6.57811345001127
CBLL1(79872);-6.85202937403237
CDH4(1002);-6.7763931691352
PPP2R3B(28227);-5.20286253054121
PPP2R4(5524);-6.26087158878859
CCNE2(9134);-7.05574417380063
GMNN(51053);-6.75458265039237
ZNF655(79027);-5.66387023019826
ANKRD12(23253);-4.07552930698512
TBRG1(84897);-6.48505892837694
SLC9A6(10479);-7.0749824441007
CHKA(1119);-7.11728235271229
UBE1C(9039);-6.86209732520127
NUP50(10762);0.173958159176344
CCL23(6368);-6.5111289028661
CXCL9(4283);-6.92516919498255
CXCL11(6373);-3.7479751256847
CCL1(6346);-6.99980391602882
YLPM1(56252);-6.61204091220306
ANTXR2(118429);-7.09110681518093
HLF(3131);-5.83570541903698
NPAT(4863);-6.84661383222379
KLF4(9314);-5.96065827595284
SERTAD2(9792);-7.21472397522319
TRERF1(55809);-7.26448582154972
GPBP1(65056);-7.04119532966942
TNFAIP6(7130);-6.48686099904318
GAB3(139716);-6.11015841370049
SOCS3(9021);-6.21795139929424
P2RXL1(9127);-6.92815194475968
ANKRD6(22881);-7.19258558709344
MAZ(4150);-6.47338869695158
KLF1(10661);-5.38866262211773
BDP1(55814);-5.50085200179569
ANKRD1(27063);-6.52306966348676
DUSP2(1844);-5.90141499231615
PTPN7(5778);-6.71872418744553
EEF2K(29904);-4.55026972717439
CCL20(6364);-6.27558365655201
CDC42SE1(56882);-6.76242638450444
CDGAP(57514);-5.91158106033141
DOCK8(81704);-6.6534093811529
CSTF3(1479);-0.388789194643648
KLF12(11278);-7.22775455295312
PYGO2(90780);-6.87685566438973
USP9X(8239);-4.46385700948027
PTPRU(10076);-7.15914911710098
CHD8(57680);-5.1395348418117
SLPI(6590);-6.86152469631464
CYP1A1(1543);-7.15134070376088
POR(5447);-6.82147659484504
SCD(6319);-5.98116016991502
CD97(976);-6.74952227249567
MIB1(57534);-6.41907742721012
DAZAP1(26528);-7.25811195331225
SIPA1L1(26037);-5.63317169925725
MGEA5(10724);-5.87355739663339
DEFA3(1668);-7.25073344495803
SEPT6(23157);-5.00955300392117
IQCB1(9657);-6.33085975441741
KCNA3(3738);-3.78166019810871
KCNAB1(7881);-7.1490741392756
IL13RA1(3597);-5.88064441696542
PTPRG(5793);-6.43842254106582
ASB13(79754);6.08681683958278
SLIT1(6585);-5.76955985338595
MYST3(7994);-7.26306590142169
WDR5(11091);-2.58024155511066
SYVN1(84447);-3.36049566669909
KIAA0515(84726);-6.16201136728191
USP54(159195);-4.57018348883644
FAM105B(90268);-3.28210993135803
DIP2A(23181);-5.90190723837791
SNX22(79856);-7.0497633978962
TFDP2(7029);-6.79196899127492
IL18RAP(8807);-6.90648752245376
HEXDC(284004);-7.23837733062774
LARS(51520);-6.53097918381408
RHBDL2(54933);-6.78895804594237
EML4(27436);1.7558904072165
EIF2AK3(9451);-6.70186609864195
EPHA5(2044);-5.44914266489519
PAIP2(51247);-6.67577094708468
NAB2(4665);-4.83185309300628
ETV4(2118);-4.84995064600708
P8(26471);-7.15373956925856
NEDD1(121441);-7.01567546651433
EMB(133418);-6.50891470817541
JMY(133746);-7.10455485700977
LRP16(28992);-4.77198458542459
EPO(2056);-7.15982020621851
NTHL1(4913);1.6472705334309
DNTTIP2(30836);4.46414951547392
CDK10(8558);-7.23164588589515
MSC(9242);-6.48707262025033
LILRA3(11026);-5.68361348606907
HRB2(11103);-7.16122930463052
FLJ22318(64777);-6.77635752276707
NSUN4(387338);-6.79941818286925
FANCB(2187);-6.31522627073785
MGST3(4259);-5.75166024371912
USP1(7398);-5.92116232907817
BRDG1(26228);-6.50411883671019
LYZ(4069);-7.19416791248344
C14orf135(64430);-5.63916715536984
ABCB7(22);-6.85863873535318
HSH2D(84941);-6.82496974380016
RPS2(6187);-7.21985799222117
API5(8539);-6.18247786293364
GCS1(7841);-6.90962618714072
MGLL(11343);-6.24944877684755
PTK9L(11344);-4.58550625173509
PPP3R1(5534);-5.16282078537635
MGC2574(79080);-2.79254853997374
TNIP2(79155);-6.77241362635867
RICTOR(253260);-4.66328702108684
SCAP1(8631);-7.23009946154944
XRCC3(7517);-5.58742777270487
ZNF653(115950);-6.77750392752046
NARG1(80155);-3.40714125951574
RASA2(5922);-6.90333597177599
GPR1(2825);-4.15547686651186
RGS14(10636);-6.99396501619381
RGS5(8490);-5.33286470969286
RGS13(6003);-1.0464724454135
SNX13(23161);-7.11784983232311
GNG10(2790);-6.35312326168927
ATXN10(25814);-4.59329897080083
XCL2(6846);-7.06253816898037
CD226(10666);-7.1866189096608
ISG20L2(81875);-7.10575059357763
ZMYM6(9204);-3.82382008201984
CTDSPL(10217);-7.10013966370347
ECD(11319);-7.05894237635733
CXCL5(6374);-5.35373454499079
AKAP11(11215);-6.8873488469297
GALNT6(11226);-7.22871190712656
GSTA2(2939);-6.89391674614102
MAP3K1(4214);-5.84870038764744
PPM1G(5496);-2.15981058679613
UBE4A(9354);-7.11564997608668
ALG9(79796);-6.95957973800427
ZF(58487);-7.0495758455703
MIER1(57708);-6.80578266480453
TPR(7175);-7.11816483838935
DLK1(8788);-6.56702010743932
HLA-DRB1(3123);-3.41331235893877
HLA-DOB(3112);-5.12095781221941
MATR3(9782);-7.18238483146395
CNNM3(26505);-6.60978803139411
PRKD3(23683);-6.92633462100804
AHSA2(130872);-7.25083016153293
DNAJC10(54431);-1.24542431649799
IDH3G(3421);-6.88741990996812
ISGF3G(10379);-6.47801448492395
HDAC10(83933);-7.18992400000191
PRPF38A(84950);-5.75667340710576
VPREB3(29802);-3.9519350031164
IL1R2(7850);-6.26873941741252
RASGRP1(10125);-7.11063644686648
IL13RA2(3598);-5.58490962153402
ARTS-1(51752);-6.26185925384138
OSMR(9180);-6.53761523814
SOCS5(9655);-7.25122433637303
IL17R(23765);-6.57293616681706
C7orf19(80228);-5.23245325759711
ADPGK(83440);-6.88339669669292
LILRB4(11006);-7.18608180275474
ENPP1(5167);-2.25644386953636
PELI1(57162);-6.91983557926024
TACC3(10460);-4.7575769704505
ATP2A3(489);-4.6274535935107
TIMP2(7077);-7.08459877773864
ADAM28(10863);-7.05124338960931
ICAM5(7087);-4.83550746787448
PARVG(64098);-5.85773931791818
VNN2(8875);-2.11661257676243
BANK1(55024);-5.76248400007094
STATIP1(55250);-3.86800845502588
TIAF1(9220);-7.0514552229918
DDX21(9188);1.86056717405458
SNRK(54861);-2.61437411452915
TIMP3(7078);-6.34629441086506
SPRED1(161742);-6.52392773280292
EDD1(51366);-7.1842826981429
SLC35E1(79939);-5.50157103351513
CDC42BPA(8476);-6.03525214309602
NARF(26502);-6.79973833419807
UNC13D(201294);-3.39658403545459
DHDDS(79947);-6.77781568248275
MMP15(4324);-6.90000698733624
MMP17(4326);-7.22542468282201
GTPBP1(9567);-6.89072727858044
MIST(116449);-7.11997799462928
HS1BP3(64342);-4.39241913714421
MYCL1(4610);-4.40674565386406
ICK(22858);-7.24823639662998
RAB30(27314);-6.07427788042667
OS9(10956);-7.02690347981921
TBC1D1(23216);-6.20155191875061
GATAD2B(57459);-6.82048128470003
ABTB1(80325);-2.71568070511101
TMED1(11018);-6.14444452331734
ZDHHC4(55146);-4.23708206530604
SAP130(79595);-7.1986270049684
DCP1A(55802);-6.47676404543006
ZNF588(51427);-5.28266362079482
ASH1L(55870);-4.74699000766366
MAN2B1(4125);-6.97062525771365
MGAT1(4245);-6.67781865745953
PHKA2(5256);-4.52447033536322
PPP2R5E(5529);-3.28101588238544
ZNF592(9640);-3.77376491259156
MTMR11(10903);-6.26316036393633
MAN1A2(10905);-6.76767925376241
MTMR10(54893);-6.64071668817968
FLJ10808(55236);-5.37612655121889
OTUB1(55611);-6.63428527396179
ZNF587(84914);-6.99188173287116
SLC35A2(7355);-6.82395119500876
FZD9(8326);-7.24461133218593
PHLDA1(22822);-5.96931285744511
MGC13138(92595);-7.26199001416886
POFUT1(23509);-5.98901894152105
CLEC11A(6320);-5.72751109915167
PPP6C(5537);-7.26175504765336
POLR1D(51082);-5.21417970956201
CCDC14(64770);-6.90804323070776
SLIC1(124460);-6.96555795289204
C18orf54(162681);-6.14161178000758
MAP4K2(5871);-3.17322800457331
EFHA1(221154);-6.81434795468975
TIMP4(7079);-7.04936702992567
EXO1(9156);-4.7385117220798
PMS1(5378);-3.62017246354062
ZC3H11A(9877);-2.82281884713126
MSH5(4439);-6.68431887176602
TLR7(51284);-6.77771014096908
NUFIP2(57532);-7.22722299483385
SLC2A3(6515);-6.66667549967566
N4BP3(23138);-2.74879544499992
BCAR3(8412);-6.47534626021673
G3BP2(9908);-6.36916683734605
HBXAP(51773);-7.07449079148893
MYCBP2(23077);-0.957138404765081
PARP10(84875);-5.87843874716411
ZXDC(79364);-6.16837316358014
PRAF1(64425);-5.49297849093772
PPM1D(8493);-6.74040780289952
IREB2(3658);-4.90728903402187
ZNF274(10782);-5.85017907487056
ZNF384(171017);-6.91225025852993
UNG(7374);-2.21923695842327
BAZ1B(9031);-6.30333657244241
PDE4DIP(9659);-6.23365645098899
PDGFD(80310);-1.44316523988091
PDK1(5163);-6.59131825129238
PDK3(5165);1.34067251708546
AKT3(10000);-6.86715352661402
CARD11(84433);0.163902538882315
PHKG2(5261);-7.05542110571992
APBB1IP(54518);-7.23885723125655
PLA2G5(5322);-6.84038019115617
ARIH1(25820);-5.87493346722208
TNK1(8711);-4.48932200481758
DKFZp761I2123(83637);-3.8375979727973
PNOC(5368);-1.42529124888966
hfl-B5(10480);-7.04753292447954
RBMS1(5937);-7.0266965564701
PRIC285(85441);-7.24181572435575
DMWD(1762);-5.7021249014154
SYTL2(54843);-4.17588724414873
C12orf22(81566);-6.61734445970672
PPP1R15B(84919);-6.63409859533844
PPP2R5B(5526);-5.89425303806191
UHMK1(127933);-5.7939068949469
PTPRR(5801);-7.01429343168543
AKAP10(11216);-6.54302268838679
AKAP2(11217);-7.02536685952723
SPAG1(6674);-6.96628800991073
ADD3(120);-6.60195916749045
JOSD3(79101);-5.9507088906175
CDR2(1039);-6.18238130372254
SMC2L1(10592);-6.70073777085081
IER3(8870);-6.78343582424759
STRBP(55342);-6.93536194456083
YME1L1(10730);-6.6296290737777
ASPM(259266);-6.62795955718752
UQCRB(7381);-7.20168971644489
PTGES(9536);-6.61311375348205
RAB18(22931);-7.13244382506676
TBRG4(9238);-2.21793879957973
SLC25A36(55186);-7.0250122377604
HSPBAP1(79663);-1.51003895843895
KLRA1(10748);-6.35067663443937
BTLA(151888);-6.24861358028769
CLEC2D(29121);-7.16483319791394
THPO(7066);-6.48561921494547
PTPRT(11122);-7.11977800008814
TEX10(54881);-5.62961189117222
CDC42SE2(56990);-6.70773273192483
RAD54L(8438);-2.19821749721679
RAPGEF5(9771);-3.0584992551056
ENC1(8507);-3.65515235957635
THOC1(9984);-6.31562690082494
RBAK(57786);-7.0256529468643
PPP4R2(151987);-6.5198504595148
IL32(9235);-6.99105456808993
DPF2(5977);-7.14460458936714
AICDA(57379);-6.26290487658289
BRP44(25874);-5.57617491821538
PLK2(10769);-6.49413405442963
KBTBD4(55709);-6.84812236507267
NR4A3(8013);-7.04897141827141
RPS21(6227);-6.9958801205883
RRM2B(50484);-1.3133040382714
FABP5(2171);-2.66408273321073
CCDC44(51204);-5.33240012396519
TMEM66(51669);-6.49857920800537
EIF1AY(9086);-6.71193106463565
SAPS2(9701);-5.90409713720038
AHDC1(27245);-5.11343951613573
TTC19(54902);-7.20674309322943
C2orf10(91752);-6.95203693605787
ZNF276(92822);-6.76560881750836
KIAA2026(158358);-7.09178191531424
CX3CR1(1524);-6.93705153662795
CLCN7(1186);-6.7964838583456
HSPC049(29062);-1.15241696446182
SETBP1(26040);-4.77239754299125
SRRM2(23524);-4.96688204637128
C6orf111(25957);-5.44833415438808
DDX3Y(8653);-6.41214363332583
CEP192(55125);-5.97264904688454
FYTTD1(84248);-5.42915114643645
PEG10(23089);-6.58584147089477
C10orf97(80013);-6.2533953413551
USP25(29761);-6.98056048148447
FBXW2(26190);-5.27509305775959
BRWD1(54014);-5.36288544189246
TIAL1(7073);-6.7142706229837
MGC2803(79002);-7.19885074570413
VPS35(55737);-6.33411211121799
CCDC50(152137);-4.23551669523385
RAB11FIP1(80223);-5.64829763968131
JMJD1C(221037);-6.78311589734267
KLF10(7071);-1.76096785209649
POGZ(23126);-6.60797195995296
C14orf106(55320);-7.09675950617489
ATF7IP2(80063);-6.79311550806952
KIAA0664(23277);-6.20364183794778
ANKRD11(29123);-4.88354521432593
INSIG2(51141);-6.39721038725133
KIAA0460(23248);-6.9892289231176
STIM2(57620);-6.43869269978578
TXLNA(200081);-6.0677637011823
SV2B(9899);-5.37470597292067
TAC4(255061);-7.21789525574956
TAF6L(10629);-6.38711925430273
PPM1L(151742);-6.05687684313292
LUZP5(54892);-6.84882066914108
BCL11A(53335);-6.62828271962341
UTY(7404);-7.14835295371791
DHX36(170506);-6.99071224781094
LY96(23643);-6.82932948796735
VRK1(7443);-6.92939506028512
TP53INP1(94241);-2.56678354379368
VCPIP1(80124);-7.03360602582351
HECW2(57520);-6.14044748278833
TNFSF9(8744);-5.6737803132303
PPIL5(122769);-6.54134511914736
KIAA1838(84498);-5.10948343408455
TRAF3IP3(80342);-6.43434863084684
PSMD6(9861);-6.33885579600398
TRAFD1(10906);-4.2273776572817
FAM62B(57488);-6.33252373699705
MLSTD2(84188);-7.20724135668635
HIST1H2AC(8334);-2.84944015323883
RNF144(9781);-6.35249420441946
UGT2B7(7364);-6.74355043512799
FLJ44216(375484);-5.61590844448119
EDG4(9170);-6.07788107081117
UPP1(7378);0.873900649951457
XDH(7498);-7.20146755322243
NMD3(51068);-6.4449202130685
RDM1(201299);-6.17657927887346
GAPVD1(26130);-6.59221358065238
LSM16(80153);-3.1446996217404
DENND4A(10260);-7.01694251395319
SAMD4B(55095);-6.96911591369856
LRCH3(84859);-6.65135959364809
PHGDHL1(337867);-6.90562394052072
FCRL3(115352);-6.39142021482001
FLJ20647(55013);-1.43254835319537
DKFZp762E1312(55355);-6.75907518775842
ARFGEF1(10565);-7.02407382953878
BACH2(60468);-5.62729499856983
DOT1L(84444);-6.13936153451959
SLC7A5(8140);-7.20412170475574
MGC33948(160140);-7.03525202015053
STAG2(10735);-2.51766020557684
DYRK2(8445);-6.75715882576458
CDC2L6(23097);-5.86595162165098
C1orf160(84065);-3.88202774686639
EXOC1(55763);-6.90571175850061
DCLRE1A(9937);-5.42494959316191
SLC38A2(54407);-5.78074952042279
CEP110(11064);-6.36281745129832
BET1L(51272);-7.10619580314429
RNGTT(8732);-5.18824425515673
WDR44(54521);-7.06822115788283
C6orf199(221264);-4.81009266788175
UBR2(23304);-1.54559741215575
LSM14B(149986);-7.15625386258253
FLJ10006(55677);-7.24101771592971
UHRF1(29128);-6.07557286368092
SNF1LK(150094);-6.20237954916095
PSCDBP(9595);-6.7629871305495
NET1(10276);-0.871652472914945
MAWBP(64081);-6.9320841338696
HDHD3(81932);-1.41668018122928
STX17(55014);-5.27921147049458
LY86(9450);-6.62953174506567
C1orf116(79098);-6.71353057751421
PPIH(10465);-7.25714426160062
HCST(10870);-6.07304278982614
SCYL2(55681);-6.01254093645637
SMEK2(57223);-6.69881534928363
FOXJ3(22887);-1.31087659230582
WDTC1(23038);-2.33511429683553
NEIL1(79661);0.354688978202687
KATNAL1(84056);-4.24665293688076
C12orf35(55196);-6.63950356559531
EP400(57634);-6.67150622108252
PBXIP1(57326);-6.67270581903831
VPS41(27072);-7.1796147118363
CRISP3(10321);-7.18281019064892
C1orf166(79594);-6.39245874991475
KIAA0746(23231);0.533033418243239
WDR3(10885);-6.72315621840881
SBNO1(55206);-7.05283867130617
STK40(83931);-5.15464140624014
NUDT5(11164);-6.86586567508457
HYLS1(219844);-7.02229033645579
PDCD10(11235);-3.88472206073582
PDDC1(347862);-4.40469946369927
KIAA0907(22889);-5.77466702469304
SEC31L1(22872);-7.13693748945279
ZNF335(63925);-6.81116596459491
NUP205(23165);-7.00055050364684
DCTN5(84516);-7.07660374739548
BRRN1(23397);-6.18623441264448
PES1(23481);-5.14894692232969
LEPROTL1(23484);-6.75293532536879
KIAA1333(55632);-7.15504326073633
BRI3(25798);-4.94754367093794
CMPK(51727);-6.62140352528799
C7orf30(115416);-3.34198745602144
PIP3-E(26034);-6.75738591090497
PAN3(255967);-5.53016120750182
FAM107B(83641);-5.30958532911471
ICOSLG(23308);-6.30520864078665
ARHGAP27(201176);-6.8196091781193
IL24(11009);-7.04852241701657
FLJ20297(55627);-6.24901509899563
DKFZP686A10121(85865);-4.63330763506595
EGLN1(54583);-6.45820309305184
RRAGD(58528);-6.785860851879
CEP27(55142);-6.44358057892796
FKSG14(64105);-5.91077769507916
NPLOC4(55666);-6.36667945829212
POLR3E(55718);-6.59716114635812
FAT(2195);-6.66487354827834
MS4A7(58475);-6.5813452901136
C20orf77(58490);-6.80518456659094
MBD6(114785);-7.2424166805566
KIAA1632(57724);-7.03052019143718
NCOA5(57727);-7.19445143285797
ZFAND3(60685);-5.76593631126873
SAMSN1(64092);-6.08808390821883
FBXO38(81545);-6.98773280324735
FAM76B(143684);-7.12786962271942
ARL6IP6(151188);-6.28805867677481
ZCCHC7(84186);-4.60211260776388
FAM60A(58516);-6.41793250927095
PARP11(57097);-7.14690833502591
GLCCI1(113263);-6.51318179803363
FLJ90586(135932);-7.0731843544926
PIP5K3(200576);-4.96917708938594
